"Location","Date","Population","new_vaccs","rolling_vacc_count","rolling_vacc_percentage"
Argentina,"2020-01-01",45510324,,,
Argentina,"2020-01-02",45510324,,,
Argentina,"2020-01-03",45510324,,,
Argentina,"2020-01-04",45510324,,,
Argentina,"2020-01-05",45510324,,,
Argentina,"2020-01-06",45510324,,,
Argentina,"2020-01-07",45510324,,,
Argentina,"2020-01-08",45510324,,,
Argentina,"2020-01-09",45510324,,,
Argentina,"2020-01-10",45510324,,,
Argentina,"2020-01-11",45510324,,,
Argentina,"2020-01-12",45510324,,,
Argentina,"2020-01-13",45510324,,,
Argentina,"2020-01-14",45510324,,,
Argentina,"2020-01-15",45510324,,,
Argentina,"2020-01-16",45510324,,,
Argentina,"2020-01-17",45510324,,,
Argentina,"2020-01-18",45510324,,,
Argentina,"2020-01-19",45510324,,,
Argentina,"2020-01-20",45510324,,,
Argentina,"2020-01-21",45510324,,,
Argentina,"2020-01-22",45510324,,,
Argentina,"2020-01-23",45510324,,,
Argentina,"2020-01-24",45510324,,,
Argentina,"2020-01-25",45510324,,,
Argentina,"2020-01-26",45510324,,,
Argentina,"2020-01-27",45510324,,,
Argentina,"2020-01-28",45510324,,,
Argentina,"2020-01-29",45510324,,,
Argentina,"2020-01-30",45510324,,,
Argentina,"2020-01-31",45510324,,,
Argentina,"2020-02-01",45510324,,,
Argentina,"2020-02-02",45510324,,,
Argentina,"2020-02-03",45510324,,,
Argentina,"2020-02-04",45510324,,,
Argentina,"2020-02-05",45510324,,,
Argentina,"2020-02-06",45510324,,,
Argentina,"2020-02-07",45510324,,,
Argentina,"2020-02-08",45510324,,,
Argentina,"2020-02-09",45510324,,,
Argentina,"2020-02-10",45510324,,,
Argentina,"2020-02-11",45510324,,,
Argentina,"2020-02-12",45510324,,,
Argentina,"2020-02-13",45510324,,,
Argentina,"2020-02-14",45510324,,,
Argentina,"2020-02-15",45510324,,,
Argentina,"2020-02-16",45510324,,,
Argentina,"2020-02-17",45510324,,,
Argentina,"2020-02-18",45510324,,,
Argentina,"2020-02-19",45510324,,,
Argentina,"2020-02-20",45510324,,,
Argentina,"2020-02-21",45510324,,,
Argentina,"2020-02-22",45510324,,,
Argentina,"2020-02-23",45510324,,,
Argentina,"2020-02-24",45510324,,,
Argentina,"2020-02-25",45510324,,,
Argentina,"2020-02-26",45510324,,,
Argentina,"2020-02-27",45510324,,,
Argentina,"2020-02-28",45510324,,,
Argentina,"2020-02-29",45510324,,,
Argentina,"2020-03-01",45510324,,,
Argentina,"2020-03-02",45510324,,,
Argentina,"2020-03-03",45510324,,,
Argentina,"2020-03-04",45510324,,,
Argentina,"2020-03-05",45510324,,,
Argentina,"2020-03-06",45510324,,,
Argentina,"2020-03-07",45510324,,,
Argentina,"2020-03-08",45510324,,,
Argentina,"2020-03-09",45510324,,,
Argentina,"2020-03-10",45510324,,,
Argentina,"2020-03-11",45510324,,,
Argentina,"2020-03-12",45510324,,,
Argentina,"2020-03-13",45510324,,,
Argentina,"2020-03-14",45510324,,,
Argentina,"2020-03-15",45510324,,,
Argentina,"2020-03-16",45510324,,,
Argentina,"2020-03-17",45510324,,,
Argentina,"2020-03-18",45510324,,,
Argentina,"2020-03-19",45510324,,,
Argentina,"2020-03-20",45510324,,,
Argentina,"2020-03-21",45510324,,,
Argentina,"2020-03-22",45510324,,,
Argentina,"2020-03-23",45510324,,,
Argentina,"2020-03-24",45510324,,,
Argentina,"2020-03-25",45510324,,,
Argentina,"2020-03-26",45510324,,,
Argentina,"2020-03-27",45510324,,,
Argentina,"2020-03-28",45510324,,,
Argentina,"2020-03-29",45510324,,,
Argentina,"2020-03-30",45510324,,,
Argentina,"2020-03-31",45510324,,,
Argentina,"2020-04-01",45510324,,,
Argentina,"2020-04-02",45510324,,,
Argentina,"2020-04-03",45510324,,,
Argentina,"2020-04-04",45510324,,,
Argentina,"2020-04-05",45510324,,,
Argentina,"2020-04-06",45510324,,,
Argentina,"2020-04-07",45510324,,,
Argentina,"2020-04-08",45510324,,,
Argentina,"2020-04-09",45510324,,,
Argentina,"2020-04-10",45510324,,,
Argentina,"2020-04-11",45510324,,,
Argentina,"2020-04-12",45510324,,,
Argentina,"2020-04-13",45510324,,,
Argentina,"2020-04-14",45510324,,,
Argentina,"2020-04-15",45510324,,,
Argentina,"2020-04-16",45510324,,,
Argentina,"2020-04-17",45510324,,,
Argentina,"2020-04-18",45510324,,,
Argentina,"2020-04-19",45510324,,,
Argentina,"2020-04-20",45510324,,,
Argentina,"2020-04-21",45510324,,,
Argentina,"2020-04-22",45510324,,,
Argentina,"2020-04-23",45510324,,,
Argentina,"2020-04-24",45510324,,,
Argentina,"2020-04-25",45510324,,,
Argentina,"2020-04-26",45510324,,,
Argentina,"2020-04-27",45510324,,,
Argentina,"2020-04-28",45510324,,,
Argentina,"2020-04-29",45510324,,,
Argentina,"2020-04-30",45510324,,,
Argentina,"2020-05-01",45510324,,,
Argentina,"2020-05-02",45510324,,,
Argentina,"2020-05-03",45510324,,,
Argentina,"2020-05-04",45510324,,,
Argentina,"2020-05-05",45510324,,,
Argentina,"2020-05-06",45510324,,,
Argentina,"2020-05-07",45510324,,,
Argentina,"2020-05-08",45510324,,,
Argentina,"2020-05-09",45510324,,,
Argentina,"2020-05-10",45510324,,,
Argentina,"2020-05-11",45510324,,,
Argentina,"2020-05-12",45510324,,,
Argentina,"2020-05-13",45510324,,,
Argentina,"2020-05-14",45510324,,,
Argentina,"2020-05-15",45510324,,,
Argentina,"2020-05-16",45510324,,,
Argentina,"2020-05-17",45510324,,,
Argentina,"2020-05-18",45510324,,,
Argentina,"2020-05-19",45510324,,,
Argentina,"2020-05-20",45510324,,,
Argentina,"2020-05-21",45510324,,,
Argentina,"2020-05-22",45510324,,,
Argentina,"2020-05-23",45510324,,,
Argentina,"2020-05-24",45510324,,,
Argentina,"2020-05-25",45510324,,,
Argentina,"2020-05-26",45510324,,,
Argentina,"2020-05-27",45510324,,,
Argentina,"2020-05-28",45510324,,,
Argentina,"2020-05-29",45510324,,,
Argentina,"2020-05-30",45510324,,,
Argentina,"2020-05-31",45510324,,,
Argentina,"2020-06-01",45510324,,,
Argentina,"2020-06-02",45510324,,,
Argentina,"2020-06-03",45510324,,,
Argentina,"2020-06-04",45510324,,,
Argentina,"2020-06-05",45510324,,,
Argentina,"2020-06-06",45510324,,,
Argentina,"2020-06-07",45510324,,,
Argentina,"2020-06-08",45510324,,,
Argentina,"2020-06-09",45510324,,,
Argentina,"2020-06-10",45510324,,,
Argentina,"2020-06-11",45510324,,,
Argentina,"2020-06-12",45510324,,,
Argentina,"2020-06-13",45510324,,,
Argentina,"2020-06-14",45510324,,,
Argentina,"2020-06-15",45510324,,,
Argentina,"2020-06-16",45510324,,,
Argentina,"2020-06-17",45510324,,,
Argentina,"2020-06-18",45510324,,,
Argentina,"2020-06-19",45510324,,,
Argentina,"2020-06-20",45510324,,,
Argentina,"2020-06-21",45510324,,,
Argentina,"2020-06-22",45510324,,,
Argentina,"2020-06-23",45510324,,,
Argentina,"2020-06-24",45510324,,,
Argentina,"2020-06-25",45510324,,,
Argentina,"2020-06-26",45510324,,,
Argentina,"2020-06-27",45510324,,,
Argentina,"2020-06-28",45510324,,,
Argentina,"2020-06-29",45510324,,,
Argentina,"2020-06-30",45510324,,,
Argentina,"2020-07-01",45510324,,,
Argentina,"2020-07-02",45510324,,,
Argentina,"2020-07-03",45510324,,,
Argentina,"2020-07-04",45510324,,,
Argentina,"2020-07-05",45510324,,,
Argentina,"2020-07-06",45510324,,,
Argentina,"2020-07-07",45510324,,,
Argentina,"2020-07-08",45510324,,,
Argentina,"2020-07-09",45510324,,,
Argentina,"2020-07-10",45510324,,,
Argentina,"2020-07-11",45510324,,,
Argentina,"2020-07-12",45510324,,,
Argentina,"2020-07-13",45510324,,,
Argentina,"2020-07-14",45510324,,,
Argentina,"2020-07-15",45510324,,,
Argentina,"2020-07-16",45510324,,,
Argentina,"2020-07-17",45510324,,,
Argentina,"2020-07-18",45510324,,,
Argentina,"2020-07-19",45510324,,,
Argentina,"2020-07-20",45510324,,,
Argentina,"2020-07-21",45510324,,,
Argentina,"2020-07-22",45510324,,,
Argentina,"2020-07-23",45510324,,,
Argentina,"2020-07-24",45510324,,,
Argentina,"2020-07-25",45510324,,,
Argentina,"2020-07-26",45510324,,,
Argentina,"2020-07-27",45510324,,,
Argentina,"2020-07-28",45510324,,,
Argentina,"2020-07-29",45510324,,,
Argentina,"2020-07-30",45510324,,,
Argentina,"2020-07-31",45510324,,,
Argentina,"2020-08-01",45510324,,,
Argentina,"2020-08-02",45510324,,,
Argentina,"2020-08-03",45510324,,,
Argentina,"2020-08-04",45510324,,,
Argentina,"2020-08-05",45510324,,,
Argentina,"2020-08-06",45510324,,,
Argentina,"2020-08-07",45510324,,,
Argentina,"2020-08-08",45510324,,,
Argentina,"2020-08-09",45510324,,,
Argentina,"2020-08-10",45510324,,,
Argentina,"2020-08-11",45510324,,,
Argentina,"2020-08-12",45510324,,,
Argentina,"2020-08-13",45510324,,,
Argentina,"2020-08-14",45510324,,,
Argentina,"2020-08-15",45510324,,,
Argentina,"2020-08-16",45510324,,,
Argentina,"2020-08-17",45510324,,,
Argentina,"2020-08-18",45510324,,,
Argentina,"2020-08-19",45510324,,,
Argentina,"2020-08-20",45510324,,,
Argentina,"2020-08-21",45510324,,,
Argentina,"2020-08-22",45510324,,,
Argentina,"2020-08-23",45510324,,,
Argentina,"2020-08-24",45510324,,,
Argentina,"2020-08-25",45510324,,,
Argentina,"2020-08-26",45510324,,,
Argentina,"2020-08-27",45510324,,,
Argentina,"2020-08-28",45510324,,,
Argentina,"2020-08-29",45510324,,,
Argentina,"2020-08-30",45510324,,,
Argentina,"2020-08-31",45510324,,,
Argentina,"2020-09-01",45510324,,,
Argentina,"2020-09-02",45510324,,,
Argentina,"2020-09-03",45510324,,,
Argentina,"2020-09-04",45510324,,,
Argentina,"2020-09-05",45510324,,,
Argentina,"2020-09-06",45510324,,,
Argentina,"2020-09-07",45510324,,,
Argentina,"2020-09-08",45510324,,,
Argentina,"2020-09-09",45510324,,,
Argentina,"2020-09-10",45510324,,,
Argentina,"2020-09-11",45510324,,,
Argentina,"2020-09-12",45510324,,,
Argentina,"2020-09-13",45510324,,,
Argentina,"2020-09-14",45510324,,,
Argentina,"2020-09-15",45510324,,,
Argentina,"2020-09-16",45510324,,,
Argentina,"2020-09-17",45510324,,,
Argentina,"2020-09-18",45510324,,,
Argentina,"2020-09-19",45510324,,,
Argentina,"2020-09-20",45510324,,,
Argentina,"2020-09-21",45510324,,,
Argentina,"2020-09-22",45510324,,,
Argentina,"2020-09-23",45510324,,,
Argentina,"2020-09-24",45510324,,,
Argentina,"2020-09-25",45510324,,,
Argentina,"2020-09-26",45510324,,,
Argentina,"2020-09-27",45510324,,,
Argentina,"2020-09-28",45510324,,,
Argentina,"2020-09-29",45510324,,,
Argentina,"2020-09-30",45510324,,,
Argentina,"2020-10-01",45510324,,,
Argentina,"2020-10-02",45510324,,,
Argentina,"2020-10-03",45510324,,,
Argentina,"2020-10-04",45510324,,,
Argentina,"2020-10-05",45510324,,,
Argentina,"2020-10-06",45510324,,,
Argentina,"2020-10-07",45510324,,,
Argentina,"2020-10-08",45510324,,,
Argentina,"2020-10-09",45510324,,,
Argentina,"2020-10-10",45510324,,,
Argentina,"2020-10-11",45510324,,,
Argentina,"2020-10-12",45510324,,,
Argentina,"2020-10-13",45510324,,,
Argentina,"2020-10-14",45510324,,,
Argentina,"2020-10-15",45510324,,,
Argentina,"2020-10-16",45510324,,,
Argentina,"2020-10-17",45510324,,,
Argentina,"2020-10-18",45510324,,,
Argentina,"2020-10-19",45510324,,,
Argentina,"2020-10-20",45510324,,,
Argentina,"2020-10-21",45510324,,,
Argentina,"2020-10-22",45510324,,,
Argentina,"2020-10-23",45510324,,,
Argentina,"2020-10-24",45510324,,,
Argentina,"2020-10-25",45510324,,,
Argentina,"2020-10-26",45510324,,,
Argentina,"2020-10-27",45510324,,,
Argentina,"2020-10-28",45510324,,,
Argentina,"2020-10-29",45510324,,,
Argentina,"2020-10-30",45510324,,,
Argentina,"2020-10-31",45510324,,,
Argentina,"2020-11-01",45510324,,,
Argentina,"2020-11-02",45510324,,,
Argentina,"2020-11-03",45510324,,,
Argentina,"2020-11-04",45510324,,,
Argentina,"2020-11-05",45510324,,,
Argentina,"2020-11-06",45510324,,,
Argentina,"2020-11-07",45510324,,,
Argentina,"2020-11-08",45510324,,,
Argentina,"2020-11-09",45510324,,,
Argentina,"2020-11-10",45510324,,,
Argentina,"2020-11-11",45510324,,,
Argentina,"2020-11-12",45510324,,,
Argentina,"2020-11-13",45510324,,,
Argentina,"2020-11-14",45510324,,,
Argentina,"2020-11-15",45510324,,,
Argentina,"2020-11-16",45510324,,,
Argentina,"2020-11-17",45510324,,,
Argentina,"2020-11-18",45510324,,,
Argentina,"2020-11-19",45510324,,,
Argentina,"2020-11-20",45510324,,,
Argentina,"2020-11-21",45510324,,,
Argentina,"2020-11-22",45510324,,,
Argentina,"2020-11-23",45510324,,,
Argentina,"2020-11-24",45510324,,,
Argentina,"2020-11-25",45510324,,,
Argentina,"2020-11-26",45510324,,,
Argentina,"2020-11-27",45510324,,,
Argentina,"2020-11-28",45510324,,,
Argentina,"2020-11-29",45510324,,,
Argentina,"2020-11-30",45510324,,,
Argentina,"2020-12-01",45510324,,,
Argentina,"2020-12-02",45510324,,,
Argentina,"2020-12-03",45510324,,,
Argentina,"2020-12-04",45510324,,,
Argentina,"2020-12-05",45510324,,,
Argentina,"2020-12-06",45510324,,,
Argentina,"2020-12-07",45510324,,,
Argentina,"2020-12-08",45510324,,,
Argentina,"2020-12-09",45510324,,,
Argentina,"2020-12-10",45510324,,,
Argentina,"2020-12-11",45510324,,,
Argentina,"2020-12-12",45510324,,,
Argentina,"2020-12-13",45510324,,,
Argentina,"2020-12-14",45510324,,,
Argentina,"2020-12-15",45510324,,,
Argentina,"2020-12-16",45510324,,,
Argentina,"2020-12-17",45510324,,,
Argentina,"2020-12-18",45510324,,,
Argentina,"2020-12-19",45510324,,,
Argentina,"2020-12-20",45510324,,,
Argentina,"2020-12-21",45510324,,,
Argentina,"2020-12-22",45510324,,,
Argentina,"2020-12-23",45510324,,,
Argentina,"2020-12-24",45510324,,,
Argentina,"2020-12-25",45510324,,,
Argentina,"2020-12-26",45510324,,,
Argentina,"2020-12-27",45510324,,,
Argentina,"2020-12-28",45510324,,,
Argentina,"2020-12-29",45510324,,,
Argentina,"2020-12-30",45510324,"20101.0",20101,0.04416800021023801
Argentina,"2020-12-31",45510324,"2806.0",22907,0.05033363418814597
Argentina,"2021-01-01",45510324,"129.0",23036,0.05061708635605407
Argentina,"2021-01-02",45510324,"3312.0",26348,0.05789455596932248
Argentina,"2021-01-03",45510324,"446.0",26794,0.058874553387051255
Argentina,"2021-01-04",45510324,"10461.0",37255,0.08186054663113362
Argentina,"2021-01-05",45510324,"10730.0",47985,0.10543761455093134
Argentina,"2021-01-06",45510324,"10120.0",58105,0.12767432725814037
Argentina,"2021-01-07",45510324,"18230.0",76335,0.16773117238189733
Argentina,"2021-01-08",45510324,"27894.0",104229,0.22902275975886263
Argentina,"2021-01-09",45510324,"10210.0",114439,0.25145722979251917
Argentina,"2021-01-10",45510324,"1179.0",115618,0.25404785076898156
Argentina,"2021-01-11",45510324,"19830.0",135448,0.2976203816962498
Argentina,"2021-01-12",45510324,"19394.0",154842,0.34023488824206133
Argentina,"2021-01-13",45510324,"16777.0",171619,0.3770990511955046
Argentina,"2021-01-14",45510324,"16651.0",188270,0.4136863538919213
Argentina,"2021-01-15",45510324,"17447.0",205717,0.452022710275585
Argentina,"2021-01-16",45510324,"5884.0",211601,0.4649516448179978
Argentina,"2021-01-17",45510324,"1063.0",212664,0.4672873785737056
Argentina,"2021-01-18",45510324,"9832.0",222496,0.48889126783628256
Argentina,"2021-01-19",45510324,"13255.0",235751,0.5180165274147466
Argentina,"2021-01-20",45510324,"19432.0",255183,0.5607145314983915
Argentina,"2021-01-21",45510324,"14120.0",269303,0.5917404587143787
Argentina,"2021-01-22",45510324,"9222.0",278525,0.612003992764367
Argentina,"2021-01-23",45510324,"3949.0",282474,0.6206811447881584
Argentina,"2021-01-24",45510324,"304.0",282778,0.6213491250908256
Argentina,"2021-01-25",45510324,"14218.0",296996,0.6525903880622779
Argentina,"2021-01-26",45510324,"12815.0",309811,0.6807488340447764
Argentina,"2021-01-27",45510324,"10115.0",319926,0.7029745602338494
Argentina,"2021-01-28",45510324,"16050.0",335976,0.7382412834503221
Argentina,"2021-01-29",45510324,"23505.0",359481,0.7898889052075305
Argentina,"2021-01-30",45510324,"9315.0",368796,0.8103567884948478
Argentina,"2021-01-31",45510324,"625.0",369421,0.8117301032618445
Argentina,"2021-02-01",45510324,"19536.0",388957,0.8546566269227176
Argentina,"2021-02-02",45510324,"23882.0",412839,0.9071326321473783
Argentina,"2021-02-03",45510324,"26624.0",439463,0.9656336439178064
Argentina,"2021-02-04",45510324,"28142.0",467605,1.027470162594316
Argentina,"2021-02-05",45510324,"33046.0",500651,1.1000822582585876
Argentina,"2021-02-06",45510324,"10931.0",511582,1.1241009842074514
Argentina,"2021-02-07",45510324,"1385.0",512967,1.127144249731116
Argentina,"2021-02-08",45510324,"23433.0",536400,1.1786336656271663
Argentina,"2021-02-09",45510324,"20202.0",556602,1.223023593503751
Argentina,"2021-02-10",45510324,"15629.0",572231,1.2573652518931748
Argentina,"2021-02-11",45510324,"17860.0",590091,1.2966090946748698
Argentina,"2021-02-12",45510324,"15844.0",605935,1.3314231733441406
Argentina,"2021-02-13",45510324,"3036.0",608971,1.3380941871563032
Argentina,"2021-02-14",45510324,"152.0",609123,1.3384281773076367
Argentina,"2021-02-15",45510324,"1318.0",610441,1.3413242234882792
Argentina,"2021-02-16",45510324,"1313.0",611754,1.3442092831507857
Argentina,"2021-02-17",45510324,"24415.0",636169,1.397856451208741
Argentina,"2021-02-18",45510324,"63846.0",700015,1.5381454985906056
Argentina,"2021-02-19",45510324,"67903.0",767918,1.6873490067879984
Argentina,"2021-02-20",45510324,"32624.0",800542,1.7590338403215937
Argentina,"2021-02-21",45510324,"20182.0",820724,1.8033798221256347
Argentina,"2021-02-22",45510324,"67596.0",888320,1.9519087581094787
Argentina,"2021-02-23",45510324,"86978.0",975298,2.143025832995608
Argentina,"2021-02-24",45510324,"93856.0",1069154,2.349255962229581
Argentina,"2021-02-25",45510324,"79493.0",1148647,2.523926219466159
Argentina,"2021-02-26",45510324,"81718.0",1230365,2.7034854772732446
Argentina,"2021-02-27",45510324,"17908.0",1248273,2.742834790629045
Argentina,"2021-02-28",45510324,"6130.0",1254403,2.7563042618637477
Argentina,"2021-03-01",45510324,"74582.0",1328985,2.920183560987173
Argentina,"2021-03-02",45510324,"75643.0",1404628,3.0863941992590513
Argentina,"2021-03-03",45510324,"71527.0",1476155,3.2435607358013976
Argentina,"2021-03-04",45510324,"112101.0",1588256,3.489880669713536
Argentina,"2021-03-05",45510324,"111764.0",1700020,3.735460112303309
Argentina,"2021-03-06",45510324,"54949.0",1754969,3.856199749314024
Argentina,"2021-03-07",45510324,"11798.0",1766767,3.8821235375076655
Argentina,"2021-03-08",45510324,"102519.0",1869286,4.107388908064025
Argentina,"2021-03-09",45510324,"115825.0",1985111,4.361891600683836
Argentina,"2021-03-10",45510324,"164000.0",2149111,4.722249395543745
Argentina,"2021-03-11",45510324,"186886.0",2335997,5.132894681215629
Argentina,"2021-03-12",45510324,"161694.0",2497691,5.488185493911227
Argentina,"2021-03-13",45510324,"46399.0",2544090,5.590138184909429
Argentina,"2021-03-14",45510324,"9174.0",2553264,5.610296248385311
Argentina,"2021-03-15",45510324,"137649.0",2690913,5.912752895365016
Argentina,"2021-03-16",45510324,"133764.0",2824677,6.2066730177530705
Argentina,"2021-03-17",45510324,"139613.0",2964290,6.513445169056586
Argentina,"2021-03-18",45510324,"138980.0",3103270,6.818826427164088
Argentina,"2021-03-19",45510324,"126218.0",3229488,7.09616569638133
Argentina,"2021-03-20",45510324,"50886.0",3280374,7.207977688754753
Argentina,"2021-03-21",45510324,"19634.0",3300008,7.251119548171092
Argentina,"2021-03-22",45510324,"83085.0",3383093,7.433682520036553
Argentina,"2021-03-23",45510324,"106500.0",3489593,7.667695356332774
Argentina,"2021-03-24",45510324,"37470.0",3527063,7.750028323243755
Argentina,"2021-03-25",45510324,"103213.0",3630276,7.976818622517387
Argentina,"2021-03-26",45510324,"93590.0",3723866,8.182464268986527
Argentina,"2021-03-27",45510324,"55103.0",3778969,8.303542290755829
Argentina,"2021-03-28",45510324,"20833.0",3799802,8.349318717221173
Argentina,"2021-03-29",45510324,"120217.0",3920019,8.613471967371623
Argentina,"2021-03-30",45510324,"163060.0",4083079,8.97176429682197
Argentina,"2021-03-31",45510324,"174994.0",4258073,9.356279247759256
Argentina,"2021-04-01",45510324,"117165.0",4375238,9.613726327239508
Argentina,"2021-04-02",45510324,"68168.0",4443406,9.763512120898106
Argentina,"2021-04-03",45510324,"74482.0",4517888,9.927171689658811
Argentina,"2021-04-04",45510324,"48495.0",4566383,10.033729929059614
Argentina,"2021-04-05",45510324,"166023.0",4732406,10.398532869157338
Argentina,"2021-04-06",45510324,"194041.0",4926447,10.824899862281798
Argentina,"2021-04-07",45510324,"238468.0",5164915,11.348886463651633
Argentina,"2021-04-08",45510324,"236001.0",5400916,11.867452316973177
Argentina,"2021-04-09",45510324,"240433.0",5641349,12.395756619970449
Argentina,"2021-04-10",45510324,"92957.0",5734306,12.600011373243575
Argentina,"2021-04-11",45510324,"48318.0",5782624,12.70618068990236
Argentina,"2021-04-12",45510324,"181844.0",5964468,13.10574717068593
Argentina,"2021-04-13",45510324,"186104.0",6150572,13.514674164921347
Argentina,"2021-04-14",45510324,"171720.0",6322292,13.8919951437832
Argentina,"2021-04-15",45510324,"151133.0",6473425,14.224080232871996
Argentina,"2021-04-16",45510324,"123749.0",6597174,14.495994359433698
Argentina,"2021-04-17",45510324,"45724.0",6642898,14.596463870483541
Argentina,"2021-04-18",45510324,"19907.0",6662805,14.640205593790103
Argentina,"2021-04-19",45510324,"90509.0",6753314,14.839081347783855
Argentina,"2021-04-20",45510324,"122758.0",6876072,15.108817946451008
Argentina,"2021-04-21",45510324,"174003.0",7050075,15.491155369493745
Argentina,"2021-04-22",45510324,"178238.0",7228313,15.88279837339765
Argentina,"2021-04-23",45510324,"194597.0",7422910,16.31038706733883
Argentina,"2021-04-24",45510324,"92240.0",7515150,16.513066353911256
Argentina,"2021-04-25",45510324,"49322.0",7564472,16.62144176341175
Argentina,"2021-04-26",45510324,"172155.0",7736627,16.99971856935143
Argentina,"2021-04-27",45510324,"153777.0",7890404,17.33761332923053
Argentina,"2021-04-28",45510324,"159049.0",8049453,17.687092273832196
Argentina,"2021-04-29",45510324,"156341.0",8205794,18.030620920211422
Argentina,"2021-04-30",45510324,"114986.0",8320780,18.28328007508802
Argentina,"2021-05-01",45510324,"20313.0",8341093,18.32791390366722
Argentina,"2021-05-02",45510324,"40181.0",8381274,18.416203760711525
Argentina,"2021-05-03",45510324,"174759.0",8556033,18.80020234529642
Argentina,"2021-05-04",45510324,"232089.0",8788122,19.31017234682838
Argentina,"2021-05-05",45510324,"245060.0",9033182,19.84864357370868
Argentina,"2021-05-06",45510324,"202857.0",9236039,20.294381995610493
Argentina,"2021-05-07",45510324,"205419.0",9441458,20.745749909405173
Argentina,"2021-05-08",45510324,"74290.0",9515748,20.908987595869455
Argentina,"2021-05-09",45510324,"18699.0",9534447,20.95007497639437
Argentina,"2021-05-10",45510324,"141710.0",9676157,21.26145487340411
Argentina,"2021-05-11",45510324,"140497.0",9816654,21.570169441114064
Argentina,"2021-05-12",45510324,"197665.0",10014319,22.004499462583478
Argentina,"2021-05-13",45510324,"192190.0",10206509,22.426799246694003
Argentina,"2021-05-14",45510324,"196570.0",10403079,22.85872322069164
Argentina,"2021-05-15",45510324,"95112.0",10498191,23.06771316328137
Argentina,"2021-05-16",45510324,"67608.0",10565799,23.21626846690874
Argentina,"2021-05-17",45510324,"186988.0",10752787,23.627137877550595
Argentina,"2021-05-18",45510324,"198294.0",10951081,24.062850003001518
Argentina,"2021-05-19",45510324,"167780.0",11118861,24.43151360557222
Argentina,"2021-05-20",45510324,"182650.0",11301511,24.83285111307931
Argentina,"2021-05-21",45510324,"177312.0",11478823,25.22245941382443
Argentina,"2021-05-22",45510324,"100463.0",11579286,25.44320712812328
Argentina,"2021-05-23",45510324,"45278.0",11624564,25.5426966417554
Argentina,"2021-05-24",45510324,"88386.0",11712950,25.736907520148616
Argentina,"2021-05-25",45510324,"63433.0",11776383,25.876289081132448
Argentina,"2021-05-26",45510324,"153156.0",11929539,26.212819315459058
Argentina,"2021-05-27",45510324,"169470.0",12099009,26.585196361159724
Argentina,"2021-05-28",45510324,"246157.0",12345166,27.126078030119054
Argentina,"2021-05-29",45510324,"227522.0",12572688,27.626012945985618
Argentina,"2021-05-30",45510324,"128889.0",12701577,27.9092212131911
Argentina,"2021-05-31",45510324,"299069.0",13000646,28.56636661167255
Argentina,"2021-06-01",45510324,"314987.0",13315633,29.25848868929169
Argentina,"2021-06-02",45510324,"309442.0",13625075,29.93842671829803
Argentina,"2021-06-03",45510324,"349731.0",13974806,30.70689191314041
Argentina,"2021-06-04",45510324,"408279.0",14383085,31.604004840747784
Argentina,"2021-06-05",45510324,"326870.0",14709955,32.32223747736887
Argentina,"2021-06-06",45510324,"217393.0",14927348,32.799915904795576
Argentina,"2021-06-07",45510324,"353285.0",15280633,33.57619031672902
Argentina,"2021-06-08",45510324,"369991.0",15650624,34.389172883058365
Argentina,"2021-06-09",45510324,"372426.0",16023050,35.207505883719925
Argentina,"2021-06-10",45510324,"335140.0",16358190,35.94391022133791
Argentina,"2021-06-11",45510324,"366862.0",16725052,36.750017424617766
Argentina,"2021-06-12",45510324,"185148.0",16910200,37.156843796585584
Argentina,"2021-06-13",45510324,"82693.0",16992893,37.33854542542918
Argentina,"2021-06-14",45510324,"238108.0",17231001,37.86174099749323
Argentina,"2021-06-15",45510324,"257910.0",17488911,38.42844757598298
Argentina,"2021-06-16",45510324,"287200.0",17776111,39.05951317771326
Argentina,"2021-06-17",45510324,"314463.0",18090574,39.75048386823175
Argentina,"2021-06-18",45510324,"399392.0",18489966,40.628069358504234
Argentina,"2021-06-19",45510324,"232630.0",18722596,41.13922810129851
Argentina,"2021-06-20",45510324,"99222.0",18821818,41.35724896179601
Argentina,"2021-06-21",45510324,"169737.0",18991555,41.730212687565135
Argentina,"2021-06-22",45510324,"287975.0",19279530,42.362981199606494
Argentina,"2021-06-23",45510324,"263200.0",19542730,42.941311514284095
Argentina,"2021-06-24",45510324,"304575.0",19847305,43.610555266536885
Argentina,"2021-06-25",45510324,"376875.0",20224180,44.43866407103584
Argentina,"2021-06-26",45510324,"316353.0",20540533,45.13378766540972
Argentina,"2021-06-27",45510324,"176283.0",20716816,45.52113494072246
Argentina,"2021-06-28",45510324,"373140.0",21089956,46.34103681617384
Argentina,"2021-06-29",45510324,"374527.0",21464483,47.163986351756144
Argentina,"2021-06-30",45510324,"375855.0",21840338,47.98985390655536
Argentina,"2021-07-01",45510324,"432346.0",22272684,48.93984934055842
Argentina,"2021-07-02",45510324,"415728.0",22688412,49.853329982884766
Argentina,"2021-07-03",45510324,"336715.0",23025127,50.59319507371558
Argentina,"2021-07-04",45510324,"196559.0",23221686,51.02509487737332
Argentina,"2021-07-05",45510324,"410003.0",23631689,51.925995956433965
Argentina,"2021-07-06",45510324,"417008.0",24048697,52.84228914740312
Argentina,"2021-07-07",45510324,"404520.0",24453217,53.73114241067587
Argentina,"2021-07-08",45510324,"410639.0",24863856,54.63344097484342
Argentina,"2021-07-09",45510324,"357676.0",25221532,55.41936374700387
Argentina,"2021-07-10",45510324,"332013.0",25553545,56.14889711617962
Argentina,"2021-07-11",45510324,"165555.0",25719100,56.51267171817982
Argentina,"2021-07-12",45510324,"387300.0",26106400,57.36368741299227
Argentina,"2021-07-13",45510324,"393700.0",26500100,58.22876585101877
Argentina,"2021-07-14",45510324,"398468.0",26898568,59.10432103273974
Argentina,"2021-07-15",45510324,"400083.0",27298651,59.983424859818626
Argentina,"2021-07-16",45510324,"456466.0",27755117,60.98641925730962
Argentina,"2021-07-17",45510324,"322693.0",28077810,61.69547375667991
Argentina,"2021-07-18",45510324,"168266.0",28246076,62.065205248813434
Argentina,"2021-07-19",45510324,"418855.0",28664931,62.98555685958201
Argentina,"2021-07-20",45510324,"448772.0",29113703,63.97164520296538
Argentina,"2021-07-21",45510324,"420110.0",29533813,64.89475442978609
Argentina,"2021-07-22",45510324,"388398.0",29922211,65.7481827639812
Argentina,"2021-07-23",45510324,"408816.0",30331027,66.64647564363636
Argentina,"2021-07-24",45510324,"237689.0",30568716,67.16875054548062
Argentina,"2021-07-25",45510324,"133910.0",30702626,67.46299147419825
Argentina,"2021-07-26",45510324,"407801.0",31110427,68.35905409067182
Argentina,"2021-07-27",45510324,"428381.0",31538808,69.30033721579306
Argentina,"2021-07-28",45510324,"460211.0",31999019,70.3115605153679
Argentina,"2021-07-29",45510324,"425179.0",32424198,71.24580787427486
Argentina,"2021-07-30",45510324,"427231.0",32851429,72.18456410022482
Argentina,"2021-07-31",45510324,"274886.0",33126315,72.78857210508983
Argentina,"2021-08-01",45510324,"167451.0",33293766,73.15651279476718
Argentina,"2021-08-02",45510324,"417370.0",33711136,74.07360140964938
Argentina,"2021-08-03",45510324,"408294.0",34119430,74.97074729681115
Argentina,"2021-08-04",45510324,"417642.0",34537072,75.88843357827996
Argentina,"2021-08-05",45510324,"430623.0",34967695,76.83464305813335
Argentina,"2021-08-06",45510324,"414195.0",35381890,77.74475523399921
Argentina,"2021-08-07",45510324,"278303.0",35660193,78.35627142535834
Argentina,"2021-08-08",45510324,"161776.0",35821969,78.71174241695137
Argentina,"2021-08-09",45510324,"391242.0",36213211,79.57141988266223
Argentina,"2021-08-10",45510324,"370687.0",36583898,80.3859317723161
Argentina,"2021-08-11",45510324,"412920.0",36996818,81.29324238605729
Argentina,"2021-08-12",45510324,"392686.0",37389504,82.15609275820582
Argentina,"2021-08-13",45510324,"416990.0",37806494,83.07234639770968
Argentina,"2021-08-14",45510324,"256690.0",38063184,83.63637226577426
Argentina,"2021-08-15",45510324,"162734.0",38225918,83.99394827424213
Argentina,"2021-08-16",45510324,"191115.0",38417033,84.41388595695342
Argentina,"2021-08-17",45510324,"439931.0",38856964,85.38054793896876
Argentina,"2021-08-18",45510324,"435482.0",39292446,86.3374341171467
Argentina,"2021-08-19",45510324,"426294.0",39718740,87.27413146959798
Argentina,"2021-08-20",45510324,"436828.0",40155568,88.23397521845813
Argentina,"2021-08-21",45510324,"257368.0",40412936,88.79949085838193
Argentina,"2021-08-22",45510324,"170106.0",40583042,89.1732653891895
Argentina,"2021-08-23",45510324,"408812.0",40991854,90.07154947963016
Argentina,"2021-08-24",45510324,"449176.0",41441030,91.0585255336789
Argentina,"2021-08-25",45510324,"426762.0",41867792,91.99625122422772
Argentina,"2021-08-26",45510324,"442955.0",42310747,92.96955785241168
Argentina,"2021-08-27",45510324,"467962.0",42778709,93.99781245240091
Argentina,"2021-08-28",45510324,"243800.0",43022509,94.53351507671096
Argentina,"2021-08-29",45510324,"168972.0",43191481,94.90479786520527
Argentina,"2021-08-30",45510324,"418237.0",43609718,95.82379154233223
Argentina,"2021-08-31",45510324,"461050.0",44070768,96.8368583796503
Argentina,"2021-09-01",45510324,"456264.0",44527032,97.8394089218086
Argentina,"2021-09-02",45510324,"448510.0",44975542,98.82492157164164
Argentina,"2021-09-03",45510324,"435057.0",45410599,99.78087389577802
Argentina,"2021-09-04",45510324,"296290.0",45706889,100.4319129874795
Argentina,"2021-09-05",45510324,"196951.0",45903840,100.86467413415909
Argentina,"2021-09-06",45510324,"442046.0",46345886,101.83598341334594
Argentina,"2021-09-07",45510324,"464116.0",46810002,102.855787183585
Argentina,"2021-09-08",45510324,"374161.0",47184163,103.67793250603974
Argentina,"2021-09-09",45510324,"398207.0",47582370,104.552914191514
Argentina,"2021-09-10",45510324,"342998.0",47925368,105.30658494103449
Argentina,"2021-09-11",45510324,"198894.0",48124262,105.74361544866171
Argentina,"2021-09-12",45510324,"9816.0",48134078,105.76518418106626
Argentina,"2021-09-13",45510324,"302927.0",48437005,106.43080677694144
Argentina,"2021-09-14",45510324,"279888.0",48716893,107.04580569454967
Argentina,"2021-09-15",45510324,"330559.0",49047452,107.77214418425147
Argentina,"2021-09-16",45510324,"361575.0",49409027,108.56663424325434
Argentina,"2021-09-17",45510324,"363719.0",49772746,109.36583532123392
Argentina,"2021-09-18",45510324,"221457.0",49994203,109.85244359060155
Argentina,"2021-09-19",45510324,"137780.0",50131983,110.15518808435642
Argentina,"2021-09-20",45510324,"346293.0",50478276,110.9160989493285
Argentina,"2021-09-21",45510324,"309717.0",50787993,111.59664123683233
Argentina,"2021-09-22",45510324,"328887.0",51116880,112.31930583486947
Argentina,"2021-09-23",45510324,"311978.0",51428858,113.00481622587438
Argentina,"2021-09-24",45510324,"261494.0",51690352,113.579397940564
Argentina,"2021-09-25",45510324,"128314.0",51818666,113.86134275818382
Argentina,"2021-09-26",45510324,"88073.0",51906739,114.05486588054174
Argentina,"2021-09-27",45510324,"282726.0",52189465,114.67610074584395
Argentina,"2021-09-28",45510324,"301147.0",52490612,115.3378121412627
Argentina,"2021-09-29",45510324,"255743.0",52746355,115.89975716279233
Argentina,"2021-09-30",45510324,"336880.0",53083235,116.63998480872164
Argentina,"2021-10-01",45510324,"304516.0",53387751,117.30909892006042
Argentina,"2021-10-02",45510324,"179194.0",53566945,117.70284254623193
Argentina,"2021-10-03",45510324,"108590.0",53675535,117.941447747109
Argentina,"2021-10-04",45510324,"230253.0",53905788,118.44738349918143
Argentina,"2021-10-05",45510324,"266927.0",54172715,119.03390316447758
Argentina,"2021-10-06",45510324,"247924.0",54420639,119.57866746894616
Argentina,"2021-10-07",45510324,"264962.0",54685601,120.1608694326149
Argentina,"2021-10-08",45510324,"121443.0",54807044,120.42771657701228
Argentina,"2021-10-09",45510324,"116023.0",54923067,120.68265433575027
Argentina,"2021-10-10",45510324,"78833.0",55001900,120.85587437259291
Argentina,"2021-10-11",45510324,"76490.0",55078390,121.02394612703702
Argentina,"2021-10-12",45510324,"347437.0",55425827,121.7873707073586
Argentina,"2021-10-13",45510324,"380141.0",55805968,122.62265590550399
Argentina,"2021-10-14",45510324,"424695.0",56230663,123.55583976945539
Argentina,"2021-10-15",45510324,"426604.0",56657267,124.49321828603111
Argentina,"2021-10-16",45510324,"254012.0",56911279,125.05135977498205
Argentina,"2021-10-17",45510324,"103700.0",57014979,125.27922016112211
Argentina,"2021-10-18",45510324,"423646.0",57438625,126.2100990535686
Argentina,"2021-10-19",45510324,"424512.0",57863137,127.14288081095621
Argentina,"2021-10-20",45510324,"415152.0",58278289,128.0550958063933
Argentina,"2021-10-21",45510324,"420088.0",58698377,128.9781566925342
Argentina,"2021-10-22",45510324,"463973.0",59162350,129.99764624835456
Argentina,"2021-10-23",45510324,"216968.0",59379318,130.47439082173972
Argentina,"2021-10-24",45510324,"145978.0",59525296,130.7951488106303
Argentina,"2021-10-25",45510324,"365235.0",59890531,131.59768100090872
Argentina,"2021-10-26",45510324,"409450.0",60299981,132.49736697106354
Argentina,"2021-10-27",45510324,"328648.0",60628629,133.21950641353376
Argentina,"2021-10-28",45510324,"352875.0",60981504,133.99487993098006
Argentina,"2021-10-29",45510324,"325224.0",61306728,134.70949580583078
Argentina,"2021-10-30",45510324,"129658.0",61436386,134.99439379952557
Argentina,"2021-10-31",45510324,"150175.0",61586561,135.3243738717395
Argentina,"2021-11-01",45510324,"299232.0",61885793,135.9818774307122
Argentina,"2021-11-02",45510324,"321312.0",62207105,136.68789745377333
Argentina,"2021-11-03",45510324,"350900.0",62558005,137.45893129655593
Argentina,"2021-11-04",45510324,"360235.0",62918240,138.25047696869836
Argentina,"2021-11-05",45510324,"311566.0",63229806,138.93508207060884
Argentina,"2021-11-06",45510324,"167240.0",63397046,139.30255912922087
Argentina,"2021-11-07",45510324,"127929.0",63524975,139.58365798494427
Argentina,"2021-11-08",45510324,"250493.0",63775468,140.1340671624311
Argentina,"2021-11-09",45510324,"352976.0",64128444,140.90966260754374
Argentina,"2021-11-10",45510324,"370139.0",64498583,141.7229703748099
Argentina,"2021-11-11",45510324,"383471.0",64882054,142.56557259403382
Argentina,"2021-11-12",45510324,"396453.0",65278507,143.43670020894598
Argentina,"2021-11-13",45510324,"189747.0",65468254,143.8536319802953
Argentina,"2021-11-14",45510324,"9702.0",65477956,143.8749502200863
Argentina,"2021-11-15",45510324,"338094.0",65816050,144.61784539261905
Argentina,"2021-11-16",45510324,"378441.0",66194491,145.44939517459818
Argentina,"2021-11-17",45510324,"367665.0",66562156,146.25726681269066
Argentina,"2021-11-18",45510324,"361791.0",66923947,147.052231489277
Argentina,"2021-11-19",45510324,"390670.0",67314617,147.91065209731315
Argentina,"2021-11-20",45510324,"174064.0",67488681,148.29312355587712
Argentina,"2021-11-21",45510324,"93437.0",67582118,148.4984330148913
Argentina,"2021-11-22",45510324,"107616.0",67689734,148.73489804203547
Argentina,"2021-11-23",45510324,"337330.0",68027064,149.476114474597
Argentina,"2021-11-24",45510324,"348395.0",68375459,150.24164407179347
Argentina,"2021-11-25",45510324,"321306.0",68696765,150.94765091103284
Argentina,"2021-11-26",45510324,"333602.0",69030367,151.68067579567222
Argentina,"2021-11-27",45510324,"157185.0",69187552,152.02605896631277
Argentina,"2021-11-28",45510324,"89557.0",69277109,152.22284288725345
Argentina,"2021-11-29",45510324,"358566.0",69635675,153.0107212596421
Argentina,"2021-11-30",45510324,"371738.0",70007413,153.82754251540817
Argentina,"2021-12-01",45510324,"380962.0",70388375,154.66463169983143
Argentina,"2021-12-02",45510324,"397158.0",70785533,155.5373084138008
Argentina,"2021-12-03",45510324,"316318.0",71101851,156.23235510254773
Argentina,"2021-12-04",45510324,"163904.0",71265755,156.5925019562594
Argentina,"2021-12-05",45510324,"96564.0",71362319,156.80468238371583
Argentina,"2021-12-06",45510324,"313403.0",71675722,157.49332393238947
Argentina,"2021-12-07",45510324,"336139.0",72011861,158.23192337633105
Argentina,"2021-12-08",45510324,"135279.0",72147140,158.52917241371432
Argentina,"2021-12-09",45510324,"302092.0",72449232,159.19296026106076
Argentina,"2021-12-10",45510324,"315588.0",72764820,159.88640291815986
Argentina,"2021-12-11",45510324,"155363.0",72920183,160.22778260159168
Argentina,"2021-12-12",45510324,"97514.0",73017697,160.44205046749394
Argentina,"2021-12-13",45510324,"326118.0",73343815,161.15863073178735
Argentina,"2021-12-14",45510324,"338740.0",73682555,161.90294536246327
Argentina,"2021-12-15",45510324,"383000.0",74065555,162.74451265167878
Argentina,"2021-12-16",45510324,"366649.0",74432204,163.55015182928602
Argentina,"2021-12-17",45510324,"331508.0",74763712,164.27857556013007
Argentina,"2021-12-18",45510324,"162323.0",74926035,164.63524847680716
Argentina,"2021-12-19",45510324,"92505.0",75018540,164.8385100488408
Argentina,"2021-12-20",45510324,"346553.0",75365093,165.59999221275595
Argentina,"2021-12-21",45510324,"352642.0",75717735,166.37485375845708
Argentina,"2021-12-22",45510324,"327361.0",76045096,167.0941652711591
Argentina,"2021-12-23",45510324,"239023.0",76284119,167.61937137604207
Argentina,"2021-12-24",45510324,"12881.0",76297000,167.64767484406394
Argentina,"2021-12-25",45510324,"749.0",76297749,167.64932062448074
Argentina,"2021-12-26",45510324,"53127.0",76350876,167.7660567742827
Argentina,"2021-12-27",45510324,"433913.0",76784789,168.71949538306956
Argentina,"2021-12-28",45510324,"524929.0",77309718,169.8729237787892
Argentina,"2021-12-29",45510324,"499485.0",77809203,170.97044398101846
Argentina,"2021-12-30",45510324,"426876.0",78236079,171.90842016418077
Argentina,"2021-12-31",45510324,"32091.0",78268170,171.97893383488108
Argentina,"2022-01-01",45510324,"4603.0",78272773,171.98904802347704
Argentina,"2022-01-02",45510324,"103665.0",78376438,172.21683150399016
Argentina,"2022-01-03",45510324,"494131.0",78870569,173.30258734259945
Argentina,"2022-01-04",45510324,"551877.0",79422446,174.51522867646472
Argentina,"2022-01-05",45510324,"546728.0",79969174,175.71655609395353
Argentina,"2022-01-06",45510324,"547630.0",80516804,176.9198654793141
Argentina,"2022-01-07",45510324,"572009.0",81088813,178.17674292980203
Argentina,"2022-01-08",45510324,"271707.0",81360520,178.7737657064362
Argentina,"2022-01-09",45510324,"164301.0",81524821,179.1347848896879
Argentina,"2022-01-10",45510324,"516881.0",82041702,180.27052938581585
Argentina,"2022-01-11",45510324,"502048.0",82543750,181.37368127724162
Argentina,"2022-01-12",45510324,"502494.0",83046244,182.47781316608513
Argentina,"2022-01-13",45510324,"467115.0",83513359,183.50420664990213
Argentina,"2022-01-14",45510324,"421374.0",83934733,184.43009326850762
Argentina,"2022-01-15",45510324,"188350.0",84123083,184.8439554066897
Argentina,"2022-01-16",45510324,"133943.0",84257026,185.13826884642702
Argentina,"2022-01-17",45510324,"421890.0",84678916,186.06528927370414
Argentina,"2022-01-18",45510324,"408611.0",85087527,186.96313170611575
Argentina,"2022-01-19",45510324,"387892.0",85475419,187.81544820467548
Argentina,"2022-01-20",45510324,"384340.0",85859759,188.65995988075147
Argentina,"2022-01-21",45510324,"372697.0",86232456,189.478888350696
Argentina,"2022-01-22",45510324,"173747.0",86406203,189.86066326401016
Argentina,"2022-01-23",45510324,"118832.0",86525035,190.12177324863694
Argentina,"2022-01-24",45510324,"367798.0",86892833,190.92993712811187
Argentina,"2022-01-25",45510324,"348372.0",87241205,191.6954161873249
Argentina,"2022-01-26",45510324,"345263.0",87586468,192.45406382956097
Argentina,"2022-01-27",45510324,"353163.0",87939631,193.23007017045188
Argentina,"2022-01-28",45510324,"349128.0",88288759,193.99721039120706
Argentina,"2022-01-29",45510324,"157952.0",88446711,194.3442788937297
Argentina,"2022-01-30",45510324,"96540.0",88543251,194.55640658589905
Argentina,"2022-01-31",45510324,"359768.0",88903019,195.3469261172476
Argentina,"2022-02-01",45510324,"343486.0",89246505,196.10166915093814
Argentina,"2022-02-02",45510324,"318190.0",89564695,196.80082919207518
Argentina,"2022-02-03",45510324,"280804.0",89845499,197.41784083980593
Argentina,"2022-02-04",45510324,"323749.0",90169248,198.12921569180654
Argentina,"2022-02-05",45510324,"135755.0",90305003,198.42751064571635
Argentina,"2022-02-06",45510324,"91444.0",90396447,198.6284408786015
Argentina,"2022-02-07",45510324,"288440.0",90684887,199.2622311368295
Argentina,"2022-02-08",45510324,"273945.0",90958832,199.86417147898135
Argentina,"2022-02-09",45510324,"302832.0",91261664,200.52958533101193
Argentina,"2022-02-10",45510324,"269742.0",91531406,201.12229040601864
Argentina,"2022-02-11",45510324,"243123.0",91774529,201.65650545577307
Argentina,"2022-02-12",45510324,"123945.0",91898474,201.9288502538457
Argentina,"2022-02-13",45510324,"77358.0",91975832,202.0988292678382
Argentina,"2022-02-14",45510324,"231952.0",92207784,202.60849823877325
Argentina,"2022-02-15",45510324,"219557.0",92427341,203.0909316312492
Argentina,"2022-02-16",45510324,"217973.0",92645314,203.5698844947797
Argentina,"2022-02-17",45510324,"213644.0",92858958,204.03932523090808
Argentina,"2022-02-18",45510324,"217889.0",93076847,204.51809352093386
Argentina,"2022-02-19",45510324,"89202.0",93166049,204.71409739908685
Argentina,"2022-02-20",45510324,"54416.0",93220465,204.83366587326427
Argentina,"2022-02-21",45510324,"205745.0",93426210,205.28575010804138
Argentina,"2022-02-22",45510324,"206083.0",93632293,205.73857703144455
Argentina,"2022-02-23",45510324,"208670.0",93840963,206.19708837933123
Argentina,"2022-02-24",45510324,"173883.0",94014846,206.57916212593875
Argentina,"2022-02-25",45510324,"209000.0",94223846,207.0383985840224
Argentina,"2022-02-26",45510324,"73190.0",94297036,207.19921923649673
Argentina,"2022-02-27",45510324,"35470.0",94332506,207.27715759615336
Argentina,"2022-02-28",45510324,"45327.0",94377833,207.37675477766317
Argentina,"2022-03-01",45510324,"44250.0",94422083,207.47398546316654
Argentina,"2022-03-02",45510324,"135472.0",94557555,207.77165858014985
Argentina,"2022-03-03",45510324,"128835.0",94686390,208.05474819295947
Argentina,"2022-03-04",45510324,"126487.0",94812877,208.33267853685246
Argentina,"2022-03-05",45510324,"59001.0",94871878,208.46232164816053
Argentina,"2022-03-06",45510324,"55183.0",94927061,208.58357545422
Argentina,"2022-03-07",45510324,"153580.0",95080641,208.92103734528456
Argentina,"2022-03-08",45510324,"105065.0",95185706,209.15189705087576
Argentina,"2022-03-09",45510324,"120453.0",95306159,209.4165688646822
Argentina,"2022-03-10",45510324,"117594.0",95423753,209.67495858741856
Argentina,"2022-03-11",45510324,"128668.0",95552421,209.9576812505224
Argentina,"2022-03-12",45510324,"57817.0",95610238,210.08472275433593
Argentina,"2022-03-13",45510324,"28475.0",95638713,210.1472909751203
Argentina,"2022-03-14",45510324,"107493.0",95746206,210.38348573391832
Argentina,"2022-03-15",45510324,"127781.0",95873987,210.66425938870486
Argentina,"2022-03-16",45510324,"121184.0",95995171,210.93053743146282
Argentina,"2022-03-17",45510324,"117772.0",96112943,211.18931827424476
Argentina,"2022-03-18",45510324,"125174.0",96238117,211.4643635584752
Argentina,"2022-03-19",45510324,"67496.0",96305613,211.61267276409635
Argentina,"2022-03-20",45510324,"31926.0",96337539,211.68282387969816
Argentina,"2022-03-21",45510324,"118679.0",96456218,211.94359767686998
Argentina,"2022-03-22",45510324,"109446.0",96565664,212.1840837696519
Argentina,"2022-03-23",45510324,"118450.0",96684114,212.4443543842931
Argentina,"2022-03-24",45510324,"24607.0",96708721,212.49842343464752
Argentina,"2022-03-25",45510324,"113102.0",96821823,212.74694286949045
Argentina,"2022-03-26",45510324,"49810.0",96871633,212.856390563161
Argentina,"2022-03-27",45510324,"22087.0",96893720,212.90492240837486
Argentina,"2022-03-28",45510324,"108346.0",97002066,213.1429914671669
Argentina,"2022-03-29",45510324,"97506.0",97099572,213.3572417546401
Argentina,"2022-03-30",45510324,"94632.0",97194204,213.5651769914888
Argentina,"2022-03-31",45510324,"98646.0",97292850,213.78193220509704
Argentina,"2022-04-01",45510324,"89595.0",97382445,213.97879962357553
Argentina,"2022-04-02",45510324,"24820.0",97407265,214.03333669960247
Argentina,"2022-04-03",45510324,"14736.0",97422001,214.06571616585285
Argentina,"2022-04-04",45510324,"77968.0",97499969,214.23703553505794
Argentina,"2022-04-05",45510324,"76342.0",97576311,214.40478208856524
Argentina,"2022-04-06",45510324,"71684.0",97647995,214.56229360177704
Argentina,"2022-04-07",45510324,"67323.0",97715318,214.71022267387067
Argentina,"2022-04-08",45510324,"74766.0",97790084,214.87450627686147
Argentina,"2022-04-09",45510324,"29530.0",97819614,214.93939265297251
Argentina,"2022-04-10",45510324,"12722.0",97832336,214.9673467497177
Argentina,"2022-04-11",45510324,"68058.0",97900394,215.11689083997734
Argentina,"2022-04-12",45510324,"69927.0",97970321,215.27054169071613
Argentina,"2022-04-13",45510324,"75802.0",98046123,215.43710170026475
Argentina,"2022-04-14",45510324,"22770.0",98068893,215.48713430385598
Argentina,"2022-04-15",45510324,"12479.0",98081372,215.51455445581973
Argentina,"2022-04-16",45510324,"23165.0",98104537,215.56545499434372
Argentina,"2022-04-17",45510324,"7008.0",98111545,215.58085369816305
Argentina,"2022-04-18",45510324,"92581.0",98204126,215.78428226527237
Argentina,"2022-04-19",45510324,"102258.0",98306384,216.00897413958205
Argentina,"2022-04-20",45510324,"114838.0",98421222,216.2613080935218
Argentina,"2022-04-21",45510324,"108788.0",98530010,216.50034836051705
Argentina,"2022-04-22",45510324,"115527.0",98645537,216.75419625665597
Argentina,"2022-04-23",45510324,"43545.0",98689082,216.84987784310215
Argentina,"2022-04-24",45510324,"17520.0",98706602,216.8883746026506
Argentina,"2022-04-25",45510324,"116981.0",98823583,217.14541737826343
Argentina,"2022-04-26",45510324,"108916.0",98932499,217.38473890012298
Argentina,"2022-04-27",45510324,"115689.0",99048188,217.6389427594495
Argentina,"2022-04-28",45510324,"130329.0",99178517,217.92531514387812
Argentina,"2022-04-29",45510324,"133156.0",99311673,218.21789930566084
Argentina,"2022-04-30",45510324,"46783.0",99358456,218.32069576125187
Argentina,"2022-05-01",45510324,"1108.0",99359564,218.32313037367084
Argentina,"2022-05-02",45510324,"111405.0",99470969,218.56792098425842
Argentina,"2022-05-03",45510324,"126639.0",99597608,218.8461853183027
Argentina,"2022-05-04",45510324,"131062.0",99728670,219.13416832629008
Argentina,"2022-05-05",45510324,"154006.0",99882676,219.4725662686998
Argentina,"2022-05-06",45510324,"152115.0",100034791,219.80680910995054
Argentina,"2022-05-07",45510324,"57515.0",100092306,219.9331870280686
Argentina,"2022-05-08",45510324,"29698.0",100122004,219.99844255118904
Argentina,"2022-05-09",45510324,"156828.0",100278832,220.34304128443472
Argentina,"2022-05-10",45510324,"177588.0",100456420,220.73325604098093
Argentina,"2022-05-11",45510324,"161616.0",100618036,221.08837546399363
Argentina,"2022-05-12",45510324,"168011.0",100786047,221.4575466437022
Argentina,"2022-05-13",45510324,"203701.0",100989748,221.90513958986537
Argentina,"2022-05-14",45510324,"88598.0",101078346,222.09981629662755
Argentina,"2022-05-15",45510324,"41611.0",101119957,222.19124829785875
Argentina,"2022-05-16",45510324,"177336.0",101297293,222.58090933389093
Argentina,"2022-05-17",45510324,"207669.0",101504962,223.0372211808468
Argentina,"2022-05-18",45510324,"2747.0",101507709,223.04325717391072
Argentina,"2022-05-19",45510324,"198280.0",101705989,223.47893853711085
Argentina,"2022-05-20",45510324,"210467.0",101916456,223.9413984396156
Argentina,"2022-05-21",45510324,"111066.0",102027522,224.18544416427358
Argentina,"2022-05-22",45510324,"51110.0",102078632,224.2977483526595
Argentina,"2022-05-23",45510324,"224892.0",102303524,224.79190435998655
Argentina,"2022-05-24",45510324,"209657.0",102513181,225.25258444655324
Argentina,"2022-05-25",45510324,"36369.0",102549550,225.33249818217072
Argentina,"2022-05-26",45510324,"210285.0",102759835,225.79455817541532
Argentina,"2022-05-27",45510324,"232234.0",102992069,226.3048467859732
Argentina,"2022-05-28",45510324,"113720.0",103105789,226.5547241544578
Argentina,"2022-05-29",45510324,"57916.0",103163705,226.6819831913304
Argentina,"2022-05-30",45510324,"200132.0",103363837,227.1217339608481
Argentina,"2022-05-31",45510324,"190895.0",103554732,227.54118823676143
Argentina,"2022-06-01",45510324,"161066.0",103715798,227.8950991427791
Argentina,"2022-06-02",45510324,"162252.0",103878050,228.2516160508987
Argentina,"2022-06-03",45510324,"176920.0",104054970,228.64036300862196
Argentina,"2022-06-04",45510324,"43026.0",104097996,228.73490419448564
Argentina,"2022-06-05",45510324,"18133.0",104116129,228.77474790115753
Argentina,"2022-06-06",45510324,"144621.0",104260750,229.09252414902602
Argentina,"2022-06-07",45510324,"138847.0",104399597,229.39761316575112
Argentina,"2022-06-08",45510324,"143078.0",104542675,229.71199897412288
Argentina,"2022-06-09",45510324,"140801.0",104683476,230.02138152213553
Argentina,"2022-06-10",45510324,"152722.0",104836198,230.3569581266879
Argentina,"2022-06-11",45510324,"38860.0",104875058,230.4423453456407
Argentina,"2022-06-12",45510324,"17153.0",104892211,230.48003569475796
Argentina,"2022-06-13",45510324,"136338.0",105028549,230.7796116766824
Argentina,"2022-06-14",45510324,"145436.0",105173985,231.0991787270071
Argentina,"2022-06-15",45510324,"143699.0",105317684,231.4149290609313
Argentina,"2022-06-16",45510324,"151250.0",105468934,231.74727123454448
Argentina,"2022-06-17",45510324,"24339.0",105493273,231.80075140752677
Argentina,"2022-06-18",45510324,"27144.0",105520417,231.86039501718335
Argentina,"2022-06-19",45510324,"1427.0",105521844,231.86353056945936
Argentina,"2022-06-20",45510324,"18272.0",105540116,231.90367970133545
Argentina,"2022-06-21",45510324,"115514.0",105655630,232.1574990325272
Argentina,"2022-06-22",45510324,"111583.0",105767213,232.40268076316048
Argentina,"2022-06-23",45510324,"109168.0",105876381,232.64255600553403
Argentina,"2022-06-24",45510324,"118345.0",105994726,232.90259590329438
Argentina,"2022-06-25",45510324,"29645.0",106024371,232.96773496932258
Argentina,"2022-06-26",45510324,"17931.0",106042302,233.0071348206618
Argentina,"2022-06-27",45510324,"66588.0",106108890,233.15344887458943
Argentina,"2022-06-28",45510324,"101734.0",106210624,233.37698936179842
Argentina,"2022-06-29",45510324,"100847.0",106311471,233.59858084069015
Argentina,"2022-06-30",45510324,"100833.0",106412304,233.82014155733103
Argentina,"2022-07-01",45510324,"102250.0",106514554,234.04481585321167
Argentina,"2022-07-02",45510324,"27105.0",106541659,234.1043737680268
Argentina,"2022-07-03",45510324,"14519.0",106556178,234.13627641939004
Argentina,"2022-07-04",45510324,"88835.0",106645013,234.33147388711183
Argentina,"2022-07-05",45510324,"92491.0",106737504,234.53470469689472
Argentina,"2022-07-06",45510324,"92805.0",106830309,234.73862546001652
Argentina,"2022-07-07",45510324,"92893.0",106923202,234.94273958585748
Argentina,"2022-07-08",45510324,"93218.0",107016420,235.1475678353773
Argentina,"2022-07-09",45510324,"20555.0",107036975,235.19273341143426
Argentina,"2022-07-10",45510324,"12980.0",107049955,235.22125441251526
Argentina,"2022-07-11",45510324,"76955.0",107126910,235.39034791314606
Argentina,"2022-07-12",45510324,"80988.0",107207898,235.56830313930527
Argentina,"2022-07-13",45510324,"80733.0",107288631,235.74569805303955
Argentina,"2022-07-14",45510324,"77229.0",107365860,235.91539361486417
Argentina,"2022-07-15",45510324,"70442.0",107436302,236.070176076971
Argentina,"2022-07-16",45510324,"15713.0",107452015,236.10470230886511
Argentina,"2022-07-17",45510324,"9362.0",107461377,236.12527346542294
Argentina,"2022-07-18",45510324,"65975.0",107527352,236.2702405722271
Argentina,"2022-07-19",45510324,"74651.0",107602003,236.4342714853008
Argentina,"2022-07-20",45510324,"63649.0",107665652,236.57412766386807
Argentina,"2022-07-21",45510324,"65847.0",107731499,236.718813515808
Argentina,"2022-07-22",45510324,"73820.0",107805319,236.88101846956746
Argentina,"2022-07-23",45510324,"14574.0",107819893,236.9130419726302
Argentina,"2022-07-24",45510324,"6389.0",107826282,236.92708054550437
Argentina,"2022-07-25",45510324,"53027.0",107879309,237.0435969649436
Argentina,"2022-07-26",45510324,"65289.0",107944598,237.18705672145953
Argentina,"2022-07-27",45510324,"62143.0",108006741,237.32360376076426
Argentina,"2022-07-28",45510324,"65473.0",108072214,237.46746782114755
Argentina,"2022-07-29",45510324,"75765.0",108147979,237.63394653046194
Argentina,"2022-07-30",45510324,"15676.0",108163655,237.66839146212186
Argentina,"2022-07-31",45510324,"6811.0",108170466,237.6833572971267
Argentina,"2022-08-01",45510324,"46933.0",108217399,237.7864833482618
Argentina,"2022-08-02",45510324,"48965.0",108266364,237.89407432036737
Argentina,"2022-08-03",45510324,"45518.0",108311882,237.99409118687004
Argentina,"2022-08-04",45510324,"42942.0",108354824,238.08844779922902
Argentina,"2022-08-05",45510324,"56656.0",108411480,238.21293823353136
Argentina,"2022-08-06",45510324,"10196.0",108421676,238.23534194131426
Argentina,"2022-08-07",45510324,"4678.0",108426354,238.24562092768224
Argentina,"2022-08-08",45510324,"48337.0",108474691,238.35183199310995
Argentina,"2022-08-09",45510324,"49019.0",108523710,238.4595416196114
Argentina,"2022-08-10",45510324,"50954.0",108574664,238.57150302863147
Argentina,"2022-08-11",45510324,"50407.0",108625071,238.6822625125675
Argentina,"2022-08-12",45510324,"57662.0",108682733,238.80896343431877
Argentina,"2022-08-13",45510324,"11465.0",108694198,238.83415552040455
Argentina,"2022-08-14",45510324,"4900.0",108699098,238.8449223081778
Argentina,"2022-08-15",45510324,"6466.0",108705564,238.85913007343126
Argentina,"2022-08-16",45510324,"44572.0",108750136,238.95706829070255
Argentina,"2022-08-17",45510324,"45169.0",108795305,239.0563182982393
Argentina,"2022-08-18",45510324,"46254.0",108841559,239.15795238021155
Argentina,"2022-08-19",45510324,"45963.0",108887522,239.2589470468283
Argentina,"2022-08-20",45510324,"9012.0",108896534,239.27874914711657
Argentina,"2022-08-21",45510324,"3106.0",108899640,239.28557397218265
Argentina,"2022-08-22",45510324,"42978.0",108942618,239.3800096874722
Argentina,"2022-08-23",45510324,"41827.0",108984445,239.4719163062869
Argentina,"2022-08-24",45510324,"43401.0",109027846,239.56728148101075
Argentina,"2022-08-25",45510324,"38643.0",109066489,239.65219188507646
Argentina,"2022-08-26",45510324,"40468.0",109106957,239.74111236826175
Argentina,"2022-08-27",45510324,"7561.0",109114518,239.757726180987
Argentina,"2022-08-28",45510324,"3146.0",109117664,239.76463889819811
Argentina,"2022-08-29",45510324,"34002.0",109151666,239.83935161613
Argentina,"2022-08-30",45510324,"31587.0",109183253,239.9087578458022
Argentina,"2022-08-31",45510324,"31868.0",109215121,239.9787815177936
Argentina,"2022-09-01",45510324,"28318.0",109243439,240.04100476190854
Argentina,"2022-09-02",45510324,"6130.0",109249569,240.05447423314322
Argentina,"2022-09-03",45510324,"6060.0",109255629,240.06778989312406
Argentina,"2022-09-04",45510324,"2020.0",109257649,240.07222844645096
Argentina,"2022-09-05",45510324,"29310.0",109286959,240.13663141576401
Argentina,"2022-09-06",45510324,"31382.0",109318341,240.20558719819266
Argentina,"2022-09-07",45510324,"29779.0",109348120,240.2710207029069
Argentina,"2022-09-08",45510324,"27908.0",109376028,240.33234305253464
Argentina,"2022-09-09",45510324,"29783.0",109405811,240.39778534646334
Argentina,"2022-09-10",45510324,"5818.0",109411629,240.41056925896638
Argentina,"2022-09-11",45510324,"1857.0",109413486,240.41464965180208
Argentina,"2022-09-12",45510324,"25794.0",109439280,240.47132690156192
Argentina,"2022-09-13",45510324,"26353.0",109465633,240.52923244404937
Argentina,"2022-09-14",45510324,"25785.0",109491418,240.58588991807662
Argentina,"2022-09-15",45510324,"24586.0",109516004,240.63991282505484
Argentina,"2022-09-16",45510324,"26288.0",109542292,240.6976755428065
Argentina,"2022-09-17",45510324,"4209.0",109546501,240.70692399377336
Argentina,"2022-09-18",45510324,"1541.0",109548042,240.71031003866287
Argentina,"2022-09-19",45510324,"21592.0",109569634,240.75775421858125
Argentina,"2022-09-20",45510324,"21309.0",109590943,240.80457656157316
Argentina,"2022-09-21",45510324,"17466.0",109608409,240.84295466672572
Argentina,"2022-09-22",45510324,"24103.0",109632512,240.895916276052
Argentina,"2022-09-23",45510324,"24313.0",109656825,240.94933931913997
Argentina,"2022-09-24",45510324,"3679.0",109660504,240.95742319918446
Argentina,"2022-09-25",45510324,"1445.0",109661949,240.96059830292572
Argentina,"2022-09-26",45510324,"20880.0",109682829,241.00647800266154
Argentina,"2022-09-27",45510324,"18923.0",109701752,241.04805757919894
Argentina,"2022-09-28",45510324,"17659.0",109719411,241.0868597639516
Argentina,"2022-09-29",45510324,"18978.0",109738389,241.12856019218847
Argentina,"2022-09-30",45510324,"19119.0",109757508,241.1705704402368
Argentina,"2022-10-01",45510324,"2804.0",109760312,241.17673167960746
Argentina,"2022-10-02",45510324,"754.0",109761066,241.17838844654239
Argentina,"2022-10-03",45510324,"16071.0",109777137,241.21370131313503
Argentina,"2022-10-04",45510324,"15995.0",109793132,241.248847184652
Argentina,"2022-10-05",45510324,"15778.0",109808910,241.28351624128186
Argentina,"2022-10-06",45510324,"18176.0",109827086,241.32345443200975
Argentina,"2022-10-07",45510324,"2594.0",109829680,241.32915423761872
Argentina,"2022-10-08",45510324,"1869.0",109831549,241.3332609980979
Argentina,"2022-10-09",45510324,"739.0",109832288,241.33488480547842
Argentina,"2022-10-10",45510324,"1188.0",109833476,241.3374952021875
Argentina,"2022-10-11",45510324,"13904.0",109847380,241.36804651182
Argentina,"2022-10-12",45510324,"13824.0",109861204,241.39842203716236
Argentina,"2022-10-13",45510324,"13965.0",109875169,241.42910738231615
Argentina,"2022-10-14",45510324,"14378.0",109889547,241.46070021386797
Argentina,"2022-10-15",45510324,"2095.0",109891642,241.46530356496694
Argentina,"2022-10-16",45510324,"370.0",109892012,241.466116567309
Argentina,"2022-10-17",45510324,"11782.0",109903794,241.49200519864456
Argentina,"2022-10-18",45510324,"13155.0",109916949,241.52091072786033
Argentina,"2022-10-19",45510324,"13975.0",109930924,241.55161804605035
Argentina,"2022-10-20",45510324,"14369.0",109945293,241.58319110186955
Argentina,"2022-10-21",45510324,"15667.0",109960960,241.6176162577968
Argentina,"2022-10-22",45510324,"2677.0",109963637,241.6234984396068
Argentina,"2022-10-23",45510324,"927.0",109964564,241.62553534006923
Argentina,"2022-10-24",45510324,"12700.0",109977264,241.65344109613457
Argentina,"2022-10-25",45510324,"13223.0",109990487,241.68249604199698
Argentina,"2022-10-26",45510324,"10904.0",110001391,241.7064554407479
Argentina,"2022-10-27",45510324,"13176.0",110014567,241.73540711333982
Argentina,"2022-10-28",45510324,"12797.0",110027364,241.76352600785705
Argentina,"2022-10-29",45510324,"1733.0",110029097,241.76733393504298
Argentina,"2022-10-30",45510324,"375.0",110029472,241.76815792390315
Argentina,"2022-10-31",45510324,"11517.0",110040989,241.79346426977756
Argentina,"2022-11-01",45510324,"13397.0",110054386,241.82290154647112
Argentina,"2022-11-02",45510324,"15274.0",110069660,241.85646316207286
Argentina,"2022-11-03",45510324,"19811.0",110089471,241.8999939442312
Argentina,"2022-11-04",45510324,"23989.0",110113460,241.95270506094397
Argentina,"2022-11-05",45510324,"3924.0",110117384,241.96132728037708
Argentina,"2022-11-06",45510324,"4691.0",110122075,241.97163483169226
Argentina,"2022-11-07",45510324,"24085.0",110146160,242.02455688955325
Argentina,"2022-11-08",45510324,"24486.0",110170646,242.07836006616873
Argentina,"2022-11-09",45510324,"26614.0",110197260,242.1368391049029
Argentina,"2022-11-10",45510324,"25083.0",110222343,242.1919540717838
Argentina,"2022-11-11",45510324,"27631.0",110249974,242.25266776830682
Argentina,"2022-11-12",45510324,"4202.0",110254176,242.26190083814828
Argentina,"2022-11-13",45510324,"1277.0",110255453,242.26470679488023
Argentina,"2022-11-14",45510324,"25874.0",110281327,242.32155982893025
Argentina,"2022-11-15",45510324,"26853.0",110308180,242.38056402323133
Argentina,"2022-11-16",45510324,"25545.0",110333725,242.43669414438799
Argentina,"2022-11-17",45510324,"23352.0",110357077,242.4880055786902
Argentina,"2022-11-18",45510324,"24684.0",110381761,242.54224382142388
Argentina,"2022-11-19",45510324,"4367.0",110386128,242.55183944636386
Argentina,"2022-11-20",45510324,"798.0",110386926,242.55359289465838
Argentina,"2022-11-21",45510324,"1713.0",110388639,242.55735687577175
Argentina,"2022-11-22",45510324,"18504.0",110407143,242.59801578208936
Argentina,"2022-11-23",45510324,"23771.0",110430914,242.6502478866114
Argentina,"2022-11-24",45510324,"28353.0",110459267,242.7125480363532
Argentina,"2022-11-25",45510324,"31938.0",110491205,242.78272551959859
Argentina,"2022-11-26",45510324,"4070.0",110495275,242.79166854536126
Argentina,"2022-11-27",45510324,"1695.0",110496970,242.79539297500938
Argentina,"2022-11-28",45510324,"40365.0",110537335,242.88408713592108
Argentina,"2022-11-29",45510324,"59440.0",110596775,243.0146948635215
Argentina,"2022-11-30",45510324,"68650.0",110665425,243.16553975752845
Argentina,"2022-12-01",45510324,"72209.0",110737634,243.3242048551445
Argentina,"2022-12-02",45510324,"84259.0",110821893,243.50934746146828
Argentina,"2022-12-03",45510324,"16289.0",110838182,243.5451393402517
Argentina,"2022-12-04",45510324,"7036.0",110845218,243.5605995685726
Argentina,"2022-12-05",45510324,"101297.0",110946515,243.78317983409653
Argentina,"2022-12-06",45510324,"124789.0",111071304,244.05737915643053
Argentina,"2022-12-07",45510324,"119214.0",111190518,244.3193285110429
Argentina,"2022-12-08",45510324,"18115.0",111208633,244.35913266624954
Argentina,"2022-12-09",45510324,"16336.0",111224969,244.3950278183034
Argentina,"2022-12-10",45510324,"25284.0",111250253,244.45058444321336
Argentina,"2022-12-11",45510324,"2940.0",111253193,244.4570445158773
Argentina,"2022-12-12",45510324,"128947.0",111382140,244.7403802266932
Argentina,"2022-12-13",45510324,"121087.0",111503227,245.00644513099928
Argentina,"2022-12-14",45510324,"129499.0",111632726,245.29099375341735
Argentina,"2022-12-15",45510324,"130458.0",111763184,245.5776495900139
Argentina,"2022-12-16",45510324,"136373.0",111899557,245.8773024775653
Argentina,"2022-12-17",45510324,"27505.0",111927062,245.9377393138313
Argentina,"2022-12-18",45510324,"4046.0",111931108,245.9466296043069
Argentina,"2022-12-19",45510324,"100300.0",112031408,246.16701915811456
Argentina,"2022-12-20",45510324,"37295.0",112068703,246.24896759689076
Argentina,"2022-12-21",45510324,"113713.0",112182416,246.49882958424993
Argentina,"2022-12-22",45510324,"93629.0",112276045,246.70456092556051
Argentina,"2022-12-23",45510324,"29269.0",112305314,246.7688738054249
Argentina,"2022-12-24",45510324,"2772.0",112308086,246.77496473107948
Argentina,"2022-12-25",45510324,"345.0",112308431,246.77572280083083
Argentina,"2022-12-26",45510324,"110618.0",112419049,247.01878413346384
Argentina,"2022-12-27",45510324,"132965.0",112552014,247.31094861025377
Argentina,"2022-12-28",45510324,"125909.0",112677923,247.58760891265027
Argentina,"2022-12-29",45510324,"99482.0",112777405,247.8062010720908
Argentina,"2022-12-30",45510324,"22825.0",112800230,247.85635452738154
Argentina,"2022-12-31",45510324,"835.0",112801065,247.85818927591023
Argentina,"2023-01-01",45510324,"759.0",112801824,247.85985702936327
Argentina,"2023-01-02",45510324,"89094.0",112890918,248.05562359872454
Argentina,"2023-01-03",45510324,"104402.0",112995320,248.2850264920109
Argentina,"2023-01-04",45510324,"112735.0",113108055,248.5327395164227
Argentina,"2023-01-05",45510324,"102531.0",113210586,248.75803125462258
Argentina,"2023-01-06",45510324,"97777.0",113308363,248.97287701137878
Argentina,"2023-01-07",45510324,"15347.0",113323710,249.00659903014534
Argentina,"2023-01-08",45510324,"5305.0",113329015,249.01825572588757
Argentina,"2023-01-09",45510324,"84312.0",113413327,249.20351478930365
Argentina,"2023-01-10",45510324,"84568.0",113497895,249.3893363624482
Argentina,"2023-01-11",45510324,"84599.0",113582494,249.57522605200526
Argentina,"2023-01-12",45510324,"78712.0",113661206,249.74818021510902
Argentina,"2023-01-13",45510324,"78519.0",113739725,249.9207102986127
Argentina,"2023-01-14",45510324,"15801.0",113755526,249.95542989322595
Argentina,"2023-01-15",45510324,"5338.0",113760864,249.96715909998795
Argentina,"2023-01-16",45510324,"61523.0",113822387,250.10234381104385
Argentina,"2023-01-17",45510324,"52050.0",113874437,250.21671346483933
Argentina,"2023-01-18",45510324,"53591.0",113928028,250.33446916352432
Argentina,"2023-01-19",45510324,"42057.0",113970085,250.42688116217323
Argentina,"2023-01-20",45510324,"47349.0",114017434,250.53092129161726
Argentina,"2023-01-21",45510324,"9062.0",114026496,250.55083325708688
Argentina,"2023-01-22",45510324,"3193.0",114029689,250.55784924756856
Argentina,"2023-01-23",45510324,"38599.0",114068288,250.6426629702746
Argentina,"2023-01-24",45510324,"39896.0",114108184,250.73032659578516
Argentina,"2023-01-25",45510324,"39877.0",114148061,250.8179484725268
Argentina,"2023-01-26",45510324,"40155.0",114188216,250.9061811996768
Argentina,"2023-01-27",45510324,"36645.0",114224861,250.98670139109535
Argentina,"2023-01-28",45510324,"8046.0",114232907,251.00438089607974
Argentina,"2023-01-29",45510324,"4313.0",114237220,251.01385786662385
Argentina,"2023-01-30",45510324,"33491.0",114270711,251.08744776240223
Argentina,"2023-01-31",45510324,"30501.0",114301212,251.15446772033528
Argentina,"2023-02-01",45510324,"31806.0",114333018,251.22435515950184
Argentina,"2023-02-02",45510324,"28447.0",114361465,251.28686185578465
Argentina,"2023-02-03",45510324,"30567.0",114392032,251.35402683575708
Argentina,"2023-02-04",45510324,"7141.0",114399173,251.3697177809589
Argentina,"2023-02-05",45510324,"2723.0",114401896,251.3757010387357
Argentina,"2023-02-06",45510324,"26171.0",114428067,251.43320667196303
Argentina,"2023-02-07",45510324,"25491.0",114453558,251.48921813872386
Argentina,"2023-02-08",45510324,"25867.0",114479425,251.5460557916485
Argentina,"2023-02-09",45510324,"25012.0",114504437,251.6010147499719
Argentina,"2023-02-10",45510324,"23523.0",114527960,251.6527019231944
Argentina,"2023-02-11",45510324,"19.0",114527979,251.65274367196332
Argentina,"2023-02-12",45510324,,114527979,251.65274367196332
Argentina,"2023-02-13",45510324,,114527979,251.65274367196332
Argentina,"2023-02-14",45510324,,114527979,251.65274367196332
Argentina,"2023-02-15",45510324,,114527979,251.65274367196332
Argentina,"2023-02-16",45510324,,114527979,251.65274367196332
Argentina,"2023-02-17",45510324,,114527979,251.65274367196332
Argentina,"2023-02-18",45510324,,114527979,251.65274367196332
Argentina,"2023-02-19",45510324,,114527979,251.65274367196332
