"location","date","rolling_reported_cases","population","infection_percentage"
Argentina,"2020-01-01",0,45510324,0
Argentina,"2020-01-02",0,45510324,0
Argentina,"2020-01-03",0,45510324,0
Argentina,"2020-01-04",0,45510324,0
Argentina,"2020-01-05",0,45510324,0
Argentina,"2020-01-06",0,45510324,0
Argentina,"2020-01-07",0,45510324,0
Argentina,"2020-01-08",0,45510324,0
Argentina,"2020-01-09",0,45510324,0
Argentina,"2020-01-10",0,45510324,0
Argentina,"2020-01-11",0,45510324,0
Argentina,"2020-01-12",0,45510324,0
Argentina,"2020-01-13",0,45510324,0
Argentina,"2020-01-14",0,45510324,0
Argentina,"2020-01-15",0,45510324,0
Argentina,"2020-01-16",0,45510324,0
Argentina,"2020-01-17",0,45510324,0
Argentina,"2020-01-18",0,45510324,0
Argentina,"2020-01-19",0,45510324,0
Argentina,"2020-01-20",0,45510324,0
Argentina,"2020-01-21",0,45510324,0
Argentina,"2020-01-22",0,45510324,0
Argentina,"2020-01-23",0,45510324,0
Argentina,"2020-01-24",0,45510324,0
Argentina,"2020-01-25",0,45510324,0
Argentina,"2020-01-26",0,45510324,0
Argentina,"2020-01-27",0,45510324,0
Argentina,"2020-01-28",0,45510324,0
Argentina,"2020-01-29",0,45510324,0
Argentina,"2020-01-30",0,45510324,0
Argentina,"2020-01-31",0,45510324,0
Argentina,"2020-02-01",0,45510324,0
Argentina,"2020-02-02",0,45510324,0
Argentina,"2020-02-03",0,45510324,0
Argentina,"2020-02-04",0,45510324,0
Argentina,"2020-02-05",0,45510324,0
Argentina,"2020-02-06",0,45510324,0
Argentina,"2020-02-07",0,45510324,0
Argentina,"2020-02-08",0,45510324,0
Argentina,"2020-02-09",0,45510324,0
Argentina,"2020-02-10",0,45510324,0
Argentina,"2020-02-11",0,45510324,0
Argentina,"2020-02-12",0,45510324,0
Argentina,"2020-02-13",0,45510324,0
Argentina,"2020-02-14",0,45510324,0
Argentina,"2020-02-15",0,45510324,0
Argentina,"2020-02-16",0,45510324,0
Argentina,"2020-02-17",0,45510324,0
Argentina,"2020-02-18",0,45510324,0
Argentina,"2020-02-19",0,45510324,0
Argentina,"2020-02-20",0,45510324,0
Argentina,"2020-02-21",0,45510324,0
Argentina,"2020-02-22",0,45510324,0
Argentina,"2020-02-23",0,45510324,0
Argentina,"2020-02-24",0,45510324,0
Argentina,"2020-02-25",0,45510324,0
Argentina,"2020-02-26",0,45510324,0
Argentina,"2020-02-27",0,45510324,0
Argentina,"2020-02-28",0,45510324,0
Argentina,"2020-02-29",0,45510324,0
Argentina,"2020-03-01",0,45510324,0
Argentina,"2020-03-02",0,45510324,0
Argentina,"2020-03-03",1.0,45510324,0.0000021973036272
Argentina,"2020-03-04",1.0,45510324,0.0000021973036272
Argentina,"2020-03-05",1.0,45510324,0.0000021973036272
Argentina,"2020-03-06",2.0,45510324,0.0000043946072544
Argentina,"2020-03-07",8.0,45510324,0.0000175784290176
Argentina,"2020-03-08",12.0,45510324,0.0000263676435263
Argentina,"2020-03-09",12.0,45510324,0.0000263676435263
Argentina,"2020-03-10",17.0,45510324,0.0000373541616623
Argentina,"2020-03-11",19.0,45510324,0.0000417487689167
Argentina,"2020-03-12",19.0,45510324,0.0000417487689167
Argentina,"2020-03-13",31.0,45510324,0.000068116412443
Argentina,"2020-03-14",34.0,45510324,0.0000747083233246
Argentina,"2020-03-15",45.0,45510324,0.0000988786632238
Argentina,"2020-03-16",56.0,45510324,0.0001230490031229
Argentina,"2020-03-17",68.0,45510324,0.0001494166466492
Argentina,"2020-03-18",79.0,45510324,0.0001735869865484
Argentina,"2020-03-19",97.0,45510324,0.0002131384518379
Argentina,"2020-03-20",128.0,45510324,0.0002812548642809
Argentina,"2020-03-21",158.0,45510324,0.0003471739730967
Argentina,"2020-03-22",266.0,45510324,0.0005844827648338
Argentina,"2020-03-23",301.0,45510324,0.0006613883917856
Argentina,"2020-03-24",387.0,45510324,0.0008503565037243
Argentina,"2020-03-25",387.0,45510324,0.0008503565037243
Argentina,"2020-03-26",502.0,45510324,0.0011030464208516733
Argentina,"2020-03-27",589.0,45510324,0.0012942118364176005
Argentina,"2020-03-28",690.0,45510324,0.0015161395027642518
Argentina,"2020-03-29",745.0,45510324,0.0016369912022599531
Argentina,"2020-03-30",820.0,45510324,0.0018017889742995457
Argentina,"2020-03-31",1054.0,45510324,0.002315958023063075
Argentina,"2020-04-01",1054.0,45510324,0.002315958023063075
Argentina,"2020-04-02",1133.0,45510324,0.0024895450096114454
Argentina,"2020-04-03",1265.0,45510324,0.0027795890884011283
Argentina,"2020-04-04",1451.0,45510324,0.0031882875630593185
Argentina,"2020-04-05",1451.0,45510324,0.0031882875630593185
Argentina,"2020-04-06",1554.0,45510324,0.003414609836660359
Argentina,"2020-04-07",1628.0,45510324,0.003577210305072757
Argentina,"2020-04-08",1715.0,45510324,0.0037683757206386846
Argentina,"2020-04-09",1795.0,45510324,0.00394416001081425
Argentina,"2020-04-10",1975.0,45510324,0.0043396746637092715
Argentina,"2020-04-11",1975.0,45510324,0.0043396746637092715
Argentina,"2020-04-12",2142.0,45510324,0.004706624369450765
Argentina,"2020-04-13",2208.0,45510324,0.004851646408845606
Argentina,"2020-04-14",2277.0,45510324,0.005003260359122031
Argentina,"2020-04-15",2443.0,45510324,0.00536801276123633
Argentina,"2020-04-16",2571.0,45510324,0.005649267625517235
Argentina,"2020-04-17",2669.0,45510324,0.005864603380982302
Argentina,"2020-04-18",2758.0,45510324,0.0060601634038026184
Argentina,"2020-04-19",2839.0,45510324,0.006238144997605379
Argentina,"2020-04-20",2941.0,45510324,0.006462269967579225
Argentina,"2020-04-21",3031.0,45510324,0.006660027294026736
Argentina,"2020-04-22",3144.0,45510324,0.006908322603899722
Argentina,"2020-04-23",3435.0,45510324,0.007547737959413341
Argentina,"2020-04-24",3607.0,45510324,0.007925674183290807
Argentina,"2020-04-25",3780.0,45510324,0.008305807710795466
Argentina,"2020-04-26",3892.0,45510324,0.008551905717041258
Argentina,"2020-04-27",4003.0,45510324,0.008795806419659855
Argentina,"2020-04-28",4127.0,45510324,0.009068272069431983
Argentina,"2020-04-29",4285.0,45510324,0.009415446042528723
Argentina,"2020-04-30",4428.0,45510324,0.009729660461217546
Argentina,"2020-05-01",4532.0,45510324,0.009958180038445782
Argentina,"2020-05-02",4681.0,45510324,0.010285578278897773
Argentina,"2020-05-03",4783.0,45510324,0.010509703248871618
Argentina,"2020-05-04",4887.0,45510324,0.010738222826099854
Argentina,"2020-05-05",5020.0,45510324,0.01103046420851673
Argentina,"2020-05-06",5208.0,45510324,0.011443557290429309
Argentina,"2020-05-07",5371.0,45510324,0.011801717781662025
Argentina,"2020-05-08",5611.0,45510324,0.01232907065218872
Argentina,"2020-05-09",5776.0,45510324,0.012691625750675825
Argentina,"2020-05-10",6034.0,45510324,0.013258530086492023
Argentina,"2020-05-11",6278.0,45510324,0.013794672171527498
Argentina,"2020-05-12",6563.0,45510324,0.014420903705277951
Argentina,"2020-05-13",6879.0,45510324,0.015115251651471432
Argentina,"2020-05-14",7134.0,45510324,0.015675564076406048
Argentina,"2020-05-15",7479.0,45510324,0.016433633827788174
Argentina,"2020-05-16",7805.0,45510324,0.017149954810253602
Argentina,"2020-05-17",8068.0,45510324,0.017727845664205776
Argentina,"2020-05-18",8371.0,45510324,0.018393628663245728
Argentina,"2020-05-19",8809.0,45510324,0.01935604765195695
Argentina,"2020-05-20",9283.0,45510324,0.020397569571247175
Argentina,"2020-05-21",9931.0,45510324,0.021821422321669254
Argentina,"2020-05-22",10649.0,45510324,0.023399086325994956
Argentina,"2020-05-23",11353.0,45510324,0.02494598807953993
Argentina,"2020-05-24",12076.0,45510324,0.026534638602001604
Argentina,"2020-05-25",12628.0,45510324,0.027747550204213003
Argentina,"2020-05-26",13228.0,45510324,0.029065932380529742
Argentina,"2020-05-27",13933.0,45510324,0.030615031437701914
Argentina,"2020-05-28",14702.0,45510324,0.03230475792701454
Argentina,"2020-05-29",15419.0,45510324,0.03388022462771304
Argentina,"2020-05-30",16214.0,45510324,0.035627081011332724
Argentina,"2020-05-31",16851.0,45510324,0.037026763421855666
Argentina,"2020-06-01",17415.0,45510324,0.0382660426675934
Argentina,"2020-06-02",18319.0,45510324,0.04025240514657729
Argentina,"2020-06-03",19268.0,45510324,0.04233764628878493
Argentina,"2020-06-04",20197.0,45510324,0.04437894135844869
Argentina,"2020-06-05",21037.0,45510324,0.046224676405292126
Argentina,"2020-06-06",22020.0,45510324,0.048384625870824385
Argentina,"2020-06-07",22794.0,45510324,0.05008533887827299
Argentina,"2020-06-08",23620.0,45510324,0.051900311674335696
Argentina,"2020-06-09",24761.0,45510324,0.054407435112964704
Argentina,"2020-06-10",25987.0,45510324,0.05710132935990524
Argentina,"2020-06-11",27373.0,45510324,0.060146792187196915
Argentina,"2020-06-12",28764.0,45510324,0.06320324153262455
Argentina,"2020-06-13",30295.0,45510324,0.06656731338585943
Argentina,"2020-06-14",31577.0,45510324,0.06938425663592288
Argentina,"2020-06-15",32785.0,45510324,0.07203859941757391
Argentina,"2020-06-16",34159.0,45510324,0.07505769460133925
Argentina,"2020-06-17",35552.0,45510324,0.07811853855402129
Argentina,"2020-06-18",37510.0,45510324,0.08242085905606825
Argentina,"2020-06-19",39570.0,45510324,0.08694730452808905
Argentina,"2020-06-20",41204.0,45510324,0.09053769865492498
Argentina,"2020-06-21",42785.0,45510324,0.09401163568951959
Argentina,"2020-06-22",44931.0,45510324,0.09872704927347913
Argentina,"2020-06-23",47203.0,45510324,0.10371932311446519
Argentina,"2020-06-24",49851.0,45510324,0.10953778311927642
Argentina,"2020-06-25",52457.0,45510324,0.11526395637174544
Argentina,"2020-06-26",55343.0,45510324,0.12160537463982897
Argentina,"2020-06-27",57744.0,45510324,0.12688110064872316
Argentina,"2020-06-28",59933.0,45510324,0.13169099828865205
Argentina,"2020-06-29",62268.0,45510324,0.13682170225815135
Argentina,"2020-06-30",64530.0,45510324,0.1417920030628655
Argentina,"2020-07-01",67197.0,45510324,0.14765221183659338
Argentina,"2020-07-02",69941.0,45510324,0.15368161298961527
Argentina,"2020-07-03",72786.0,45510324,0.15993294180898382
Argentina,"2020-07-04",75376.0,45510324,0.16562395820341774
Argentina,"2020-07-05",77815.0,45510324,0.1709831817501453
Argentina,"2020-07-06",80447.0,45510324,0.1767664848969214
Argentina,"2020-07-07",83426.0,45510324,0.18331225240233404
Argentina,"2020-07-08",87030.0,45510324,0.19123133467474326
Argentina,"2020-07-09",90693.0,45510324,0.19928005786115696
Argentina,"2020-07-10",94060.0,45510324,0.20667837917392107
Argentina,"2020-07-11",97509.0,45510324,0.21425687938411514
Argentina,"2020-07-12",100166.0,45510324,0.2200951151215711
Argentina,"2020-07-13",103265.0,45510324,0.22690455906224705
Argentina,"2020-07-14",106910.0,45510324,0.23491373078337127
Argentina,"2020-07-15",111146.0,45510324,0.24422150894816744
Argentina,"2020-07-16",114783.0,45510324,0.2522131022402741
Argentina,"2020-07-17",119301.0,45510324,0.26214052002793914
Argentina,"2020-07-18",122524.0,45510324,0.26922242961838727
Argentina,"2020-07-19",126755.0,45510324,0.27851922126504747
Argentina,"2020-07-20",130774.0,45510324,0.2873501845427424
Argentina,"2020-07-21",136118.0,45510324,0.2990925751264702
Argentina,"2020-07-22",141900.0,45510324,0.3117973846989092
Argentina,"2020-07-23",148027.0,45510324,0.32526026402273034
Argentina,"2020-07-24",153520.0,45510324,0.33733005284691003
Argentina,"2020-07-25",158334.0,45510324,0.34790787250822475
Argentina,"2020-07-26",162526.0,45510324,0.35711896931342435
Argentina,"2020-07-27",167416.0,45510324,0.3678637840504058
Argentina,"2020-07-28",173355.0,45510324,0.3809135702923143
Argentina,"2020-07-29",178996.0,45510324,0.3933085600533188
Argentina,"2020-07-30",185373.0,45510324,0.4073207652839386
Argentina,"2020-07-31",191302.0,45510324,0.42034857848957524
Argentina,"2020-08-01",196543.0,45510324,0.43186464679970193
Argentina,"2020-08-02",201919.0,45510324,0.44367735109949996
Argentina,"2020-08-03",206743.0,45510324,0.45427714379708656
Argentina,"2020-08-04",213535.0,45510324,0.469201230032992
Argentina,"2020-08-05",220682.0,45510324,0.48490535905655163
Argentina,"2020-08-06",228195.0,45510324,0.5014137012076645
Argentina,"2020-08-07",235677.0,45510324,0.5178539269463341
Argentina,"2020-08-08",241811.0,45510324,0.5313321873955457
Argentina,"2020-08-09",246499.0,45510324,0.5416331467998338
Argentina,"2020-08-10",253868.0,45510324,0.5578250772286306
Argentina,"2020-08-11",260911.0,45510324,0.5733006866749619
Argentina,"2020-08-12",268574.0,45510324,0.5901386243701539
Argentina,"2020-08-13",276072.0,45510324,0.6066140069668589
Argentina,"2020-08-14",282437.0,45510324,0.6205998445539522
Argentina,"2020-08-15",289100.0,45510324,0.6352404786219495
Argentina,"2020-08-16",294569.0,45510324,0.6472575321590767
Argentina,"2020-08-17",299126.0,45510324,0.6572706447882023
Argentina,"2020-08-18",305966.0,45510324,0.6723002015982132
Argentina,"2020-08-19",312659.0,45510324,0.6870067547750264
Argentina,"2020-08-20",320884.0,45510324,0.7050795771087017
Argentina,"2020-08-21",329043.0,45510324,0.7230073774029822
Argentina,"2020-08-22",336802.0,45510324,0.7400562562463849
Argentina,"2020-08-23",342154.0,45510324,0.7518162252591302
Argentina,"2020-08-24",350867.0,45510324,0.7709613317628765
Argentina,"2020-08-25",359638.0,45510324,0.7902338818769999
Argentina,"2020-08-26",370188.0,45510324,0.8134154351439027
Argentina,"2020-08-27",380292.0,45510324,0.8356169909930766
Argentina,"2020-08-28",392009.0,45510324,0.8613627975929153
Argentina,"2020-08-29",401239.0,45510324,0.8816439100719213
Argentina,"2020-08-30",408426.0,45510324,0.8974359312405686
Argentina,"2020-08-31",417735.0,45510324,0.9178906307061228
Argentina,"2020-09-01",428239.0,45510324,0.9409711080061747
Argentina,"2020-09-02",439172.0,45510324,0.9649942285622928
Argentina,"2020-09-03",451198.0,45510324,0.9914190019829346
Argentina,"2020-09-04",461882.0,45510324,1.0148949939358813
Argentina,"2020-09-05",471806.0,45510324,1.0367010351321604
Argentina,"2020-09-06",478792.0,45510324,1.0520513982717417
Argentina,"2020-09-07",488007.0,45510324,1.0722995511963396
Argentina,"2020-09-08",500034.0,45510324,1.0987265219206086
Argentina,"2020-09-09",512293.0,45510324,1.1256632670863869
Argentina,"2020-09-10",524198.0,45510324,1.151822166768138
Argentina,"2020-09-11",535705.0,45510324,1.177106539606266
Argentina,"2020-09-12",546481.0,45510324,1.2007846834929148
Argentina,"2020-09-13",555537.0,45510324,1.2206834651407887
Argentina,"2020-09-14",565446.0,45510324,1.2424565467826598
Argentina,"2020-09-15",577338.0,45510324,1.2685868815172574
Argentina,"2020-09-16",589012.0,45510324,1.2942382040611269
Argentina,"2020-09-17",601713.0,45510324,1.3221461574301252
Argentina,"2020-09-18",613658.0,45510324,1.3483929492569642
Argentina,"2020-09-19",622934.0,45510324,1.368775137702821
Argentina,"2020-09-20",631365.0,45510324,1.3873006045836984
Argentina,"2020-09-21",640147.0,45510324,1.406597325037721
Argentina,"2020-09-22",652174.0,45510324,1.43302429576199
Argentina,"2020-09-23",664799.0,45510324,1.4607652540553215
Argentina,"2020-09-24",678266.0,45510324,1.490356342002751
Argentina,"2020-09-25",691235.0,45510324,1.5188531727438372
Argentina,"2020-09-26",702484.0,45510324,1.543570641246149
Argentina,"2020-09-27",711325.0,45510324,1.5629970026141762
Argentina,"2020-09-28",723132.0,45510324,1.5889405665404623
Argentina,"2020-09-29",736609.0,45510324,1.6185536275241637
Argentina,"2020-09-30",751001.0,45510324,1.6501772213267478
Argentina,"2020-10-01",765002.0,45510324,1.6809416694110988
Argentina,"2020-10-02",779689.0,45510324,1.7132134677837054
Argentina,"2020-10-03",790818.0,45510324,1.7376672598507539
Argentina,"2020-10-04",798486.0,45510324,1.7545161840640817
Argentina,"2020-10-05",809728.0,45510324,1.7792182714410032
Argentina,"2020-10-06",824468.0,45510324,1.8116065269058512
Argentina,"2020-10-07",840915.0,45510324,1.8477455796623201
Argentina,"2020-10-08",856369.0,45510324,1.881702709916985
Argentina,"2020-10-09",871468.0,45510324,1.914879797383996
Argentina,"2020-10-10",883882.0,45510324,1.942157124611989
Argentina,"2020-10-11",894206.0,45510324,1.9648420872591457
Argentina,"2020-10-12",903730.0,45510324,1.985769207004547
Argentina,"2020-10-13",917035.0,45510324,2.0150043317643704
Argentina,"2020-10-14",931967.0,45510324,2.04781446952564
Argentina,"2020-10-15",949063.0,45510324,2.0853795723361586
Argentina,"2020-10-16",965609.0,45510324,2.1217361581517196
Argentina,"2020-10-17",979119.0,45510324,2.151421730155118
Argentina,"2020-10-18",989680.0,45510324,2.17462745376192
Argentina,"2020-10-19",1002662.0,45510324,2.2031528494501598
Argentina,"2020-10-20",1018999.0,45510324,2.2390501988076372
Argentina,"2020-10-21",1037325.0,45510324,2.2793179850796053
Argentina,"2020-10-22",1053650.0,45510324,2.315188966793557
Argentina,"2020-10-23",1069368.0,45510324,2.349726185205801
Argentina,"2020-10-24",1081336.0,45510324,2.3760235150160653
Argentina,"2020-10-25",1090589.0,45510324,2.3963551654784965
Argentina,"2020-10-26",1102301.0,45510324,2.4220899855601994
Argentina,"2020-10-27",1116609.0,45510324,2.4535290058580994
Argentina,"2020-10-28",1130533.0,45510324,2.4841242615631565
Argentina,"2020-10-29",1143800.0,45510324,2.513275888785147
Argentina,"2020-10-30",1157179.0,45510324,2.542673614013383
Argentina,"2020-10-31",1166924.0,45510324,2.564086337860394
Argentina,"2020-11-01",1173533.0,45510324,2.578608317532523
Argentina,"2020-11-02",1183131.0,45510324,2.5996980377463363
Argentina,"2020-11-03",1195276.0,45510324,2.6263842902986143
Argentina,"2020-11-04",1205928.0,45510324,2.649789968535491
Argentina,"2020-11-05",1217028.0,45510324,2.674180038797351
Argentina,"2020-11-06",1228814.0,45510324,2.700077459347466
Argentina,"2020-11-07",1236851.0,45510324,2.7177371885992283
Argentina,"2020-11-08",1242182.0,45510324,2.729451014235803
Argentina,"2020-11-09",1250499.0,45510324,2.74772598850318
Argentina,"2020-11-10",1262476.0,45510324,2.7740430940460894
Argentina,"2020-11-11",1273356.0,45510324,2.7979497575099663
Argentina,"2020-11-12",1284519.0,45510324,2.8224782579003396
Argentina,"2020-11-13",1296378.0,45510324,2.8485360816152396
Argentina,"2020-11-14",1304846.0,45510324,2.867142848730323
Argentina,"2020-11-15",1310491.0,45510324,2.8795466277058366
Argentina,"2020-11-16",1318384.0,45510324,2.896889945235283
Argentina,"2020-11-17",1329005.0,45510324,2.9202275070597166
Argentina,"2020-11-18",1339337.0,45510324,2.942930048135891
Argentina,"2020-11-19",1349434.0,45510324,2.965116222859675
Argentina,"2020-11-20",1359042.0,45510324,2.98622791610976
Argentina,"2020-11-21",1366182.0,45510324,3.001916664007929
Argentina,"2020-11-22",1370366.0,45510324,3.0111101823841113
Argentina,"2020-11-23",1374631.0,45510324,3.0204816823540965
Argentina,"2020-11-24",1381795.0,45510324,3.036223165539318
Argentina,"2020-11-25",1390388.0,45510324,3.055104595607801
Argentina,"2020-11-26",1399431.0,45510324,3.0749748123085214
Argentina,"2020-11-27",1407277.0,45510324,3.09221485656749
Argentina,"2020-11-28",1413375.0,45510324,3.1056140140861226
Argentina,"2020-11-29",1418807.0,45510324,3.1175497673890433
Argentina,"2020-11-30",1424533.0,45510324,3.1301315279583597
Argentina,"2020-12-01",1432570.0,45510324,3.1477912572101223
Argentina,"2020-12-02",1440103.0,45510324,3.1643435454337787
Argentina,"2020-12-03",1447732.0,45510324,3.181106774805646
Argentina,"2020-12-04",1454631.0,45510324,3.196265972529662
Argentina,"2020-12-05",1459832.0,45510324,3.207694148694701
Argentina,"2020-12-06",1463110.0,45510324,3.2148969099846445
Argentina,"2020-12-07",1466309.0,45510324,3.2219260842880395
Argentina,"2020-12-08",1469919.0,45510324,3.2298583503822123
Argentina,"2020-12-09",1475222.0,45510324,3.241510651517225
Argentina,"2020-12-10",1482216.0,45510324,3.256878593085824
Argentina,"2020-12-11",1489328.0,45510324,3.2725058164824317
Argentina,"2020-12-12",1494602.0,45510324,3.284094395812256
Argentina,"2020-12-13",1498160.0,45510324,3.2919124021178137
Argentina,"2020-12-14",1503222.0,45510324,3.303035153078673
Argentina,"2020-12-15",1510203.0,45510324,3.318374529700118
Argentina,"2020-12-16",1517046.0,45510324,3.3334106784210107
Argentina,"2020-12-17",1524372.0,45510324,3.349508124793838
Argentina,"2020-12-18",1531374.0,45510324,3.3648936447914544
Argentina,"2020-12-19",1537169.0,45510324,3.377627019311047
Argentina,"2020-12-20",1541285.0,45510324,3.38667112104058
Argentina,"2020-12-21",1547138.0,45510324,3.39953193917055
Argentina,"2020-12-22",1555279.0,45510324,3.4174201879995403
Argentina,"2020-12-23",1563865.0,45510324,3.436286236942633
Argentina,"2020-12-24",1563865.0,45510324,3.436286236942633
Argentina,"2020-12-25",1574554.0,45510324,3.459773215413716
Argentina,"2020-12-26",1578267.0,45510324,3.467931803781489
Argentina,"2020-12-27",1583297.0,45510324,3.4789842410262777
Argentina,"2020-12-28",1590513.0,45510324,3.4948399840001136
Argentina,"2020-12-29",1602163.0,45510324,3.5204385712569306
Argentina,"2020-12-30",1613928.0,45510324,3.5462898484308747
Argentina,"2020-12-31",1625514.0,45510324,3.5717478082555507
Argentina,"2021-01-01",1629594.0,45510324,3.580712807054505
Argentina,"2021-01-02",1634834.0,45510324,3.5922266780610044
Argentina,"2021-01-03",1640718.0,45510324,3.6051556126034177
Argentina,"2021-01-04",1648940.0,45510324,3.6232218430262106
Argentina,"2021-01-05",1662730.0,45510324,3.653522660045224
Argentina,"2021-01-06",1676171.0,45510324,3.683056618098346
Argentina,"2021-01-07",1690006.0,45510324,3.713456313780583
Argentina,"2021-01-08",1703352.0,45510324,3.7427815279891217
Argentina,"2021-01-09",1714409.0,45510324,3.7670771141950126
Argentina,"2021-01-10",1722217.0,45510324,3.7842336609161475
Argentina,"2021-01-11",1730921.0,45510324,3.8033589916872486
Argentina,"2021-01-12",1744704.0,45510324,3.833644427580871
Argentina,"2021-01-13",1757429.0,45510324,3.8616051162369227
Argentina,"2021-01-14",1770715.0,45510324,3.8907984922278294
Argentina,"2021-01-15",1783047.0,45510324,3.9178956405583927
Argentina,"2021-01-16",1791979.0,45510324,3.9375219565564947
Argentina,"2021-01-17",1799243.0,45510324,3.953483170104436
Argentina,"2021-01-18",1807428.0,45510324,3.9714681002930234
Argentina,"2021-01-19",1819569.0,45510324,3.9981455636307928
Argentina,"2021-01-20",1831681.0,45510324,4.024759305163374
Argentina,"2021-01-21",1843077.0,45510324,4.049799777298882
Argentina,"2021-01-22",1853830.0,45510324,4.073427383202106
Argentina,"2021-01-23",1862192.0,45510324,4.0918012361327065
Argentina,"2021-01-24",1867223.0,45510324,4.102855870681123
Argentina,"2021-01-25",1874801.0,45510324,4.1195070375680025
Argentina,"2021-01-26",1885210.0,45510324,4.142378771023472
Argentina,"2021-01-27",1896053.0,45510324,4.166204134253142
Argentina,"2021-01-28",1905524.0,45510324,4.187014796906302
Argentina,"2021-01-29",1915362.0,45510324,4.208631869990642
Argentina,"2021-01-30",1922264.0,45510324,4.223797659625539
Argentina,"2021-01-31",1927239.0,45510324,4.234729245170832
Argentina,"2021-02-01",1933853.0,45510324,4.2492622113610965
Argentina,"2021-02-02",1943548.0,45510324,4.270565070026748
Argentina,"2021-02-03",1952744.0,45510324,4.29077147418243
Argentina,"2021-02-04",1961635.0,45510324,4.3103077007318165
Argentina,"2021-02-05",1970009.0,45510324,4.328707921305944
Argentina,"2021-02-06",1976689.0,45510324,4.343385909535604
Argentina,"2021-02-07",1980347.0,45510324,4.351423646203881
Argentina,"2021-02-08",1985501.0,45510324,4.362748549098442
Argentina,"2021-02-09",1993295.0,45510324,4.379874333568797
Argentina,"2021-02-10",2001034.0,45510324,4.396879266339655
Argentina,"2021-02-11",2008345.0,45510324,4.412943753158075
Argentina,"2021-02-12",2015496.0,45510324,4.428656671396143
Argentina,"2021-02-13",2021553.0,45510324,4.4419657394660605
Argentina,"2021-02-14",2025798.0,45510324,4.451293293363501
Argentina,"2021-02-15",2029057.0,45510324,4.458454305884529
Argentina,"2021-02-16",2033060.0,45510324,4.467250112304189
Argentina,"2021-02-17",2039124.0,45510324,4.4805745614994965
Argentina,"2021-02-18",2046795.0,45510324,4.497430077623705
Argentina,"2021-02-19",2054681.0,45510324,4.514758014027763
Argentina,"2021-02-20",2060625.0,45510324,4.527818786787806
Argentina,"2021-02-21",2064334.0,45510324,4.535968585941071
Argentina,"2021-02-22",2069751.0,45510324,4.547871379689584
Argentina,"2021-02-23",2077228.0,45510324,4.564300618910118
Argentina,"2021-02-24",2085411.0,45510324,4.582281154491452
Argentina,"2021-02-25",2093645.0,45510324,4.600373752557772
Argentina,"2021-02-26",2098728.0,45510324,4.611542646894802
Argentina,"2021-02-27",2104197.0,45510324,4.623559700431929
Argentina,"2021-02-28",2107365.0,45510324,4.630520758322881
Argentina,"2021-03-01",2112023.0,45510324,4.640755798618353
Argentina,"2021-03-02",2118676.0,45510324,4.655374459650079
Argentina,"2021-03-03",2126531.0,45510324,4.6726342796416915
Argentina,"2021-03-04",2133963.0,45510324,4.688964640199002
Argentina,"2021-03-05",2141854.0,45510324,4.706303563121194
Argentina,"2021-03-06",2146714.0,45510324,4.71698245874936
Argentina,"2021-03-07",2149636.0,45510324,4.723402979948022
Argentina,"2021-03-08",2154694.0,45510324,4.734516941694372
Argentina,"2021-03-09",2162001.0,45510324,4.750572639298283
Argentina,"2021-03-10",2169694.0,45510324,4.767476496102291
Argentina,"2021-03-11",2177898.0,45510324,4.785503175059795
Argentina,"2021-03-12",2185747.0,45510324,4.802749811229646
Argentina,"2021-03-13",2192025.0,45510324,4.816544483401173
Argentina,"2021-03-14",2195722.0,45510324,4.824667914910911
Argentina,"2021-03-15",2201886.0,45510324,4.838212094468938
Argentina,"2021-03-16",2210121.0,45510324,4.856306889838886
Argentina,"2021-03-17",2218425.0,45510324,4.87455329915911
Argentina,"2021-03-18",2226753.0,45510324,4.892852443766386
Argentina,"2021-03-19",2234913.0,45510324,4.910782441364294
Argentina,"2021-03-20",2241739.0,45510324,4.925781235923524
Argentina,"2021-03-21",2245771.0,45510324,4.934640764148372
Argentina,"2021-03-22",2252172.0,45510324,4.948705704666045
Argentina,"2021-03-23",2261577.0,45510324,4.96937134527981
Argentina,"2021-03-24",2269877.0,45510324,4.987608965385524
Argentina,"2021-03-25",2278115.0,45510324,5.005710352666353
Argentina,"2021-03-26",2291051.0,45510324,5.034134672387742
Argentina,"2021-03-27",2301389.0,45510324,5.05685039728568
Argentina,"2021-03-28",2308597.0,45510324,5.072688561830498
Argentina,"2021-03-29",2322611.0,45510324,5.103481574862003
Argentina,"2021-03-30",2332765.0,45510324,5.125792995892536
Argentina,"2021-03-31",2348821.0,45510324,5.161072902930773
Argentina,"2021-04-01",2363251.0,45510324,5.19277999427119
Argentina,"2021-04-02",2373153.0,45510324,5.214537694787671
Argentina,"2021-04-03",2383537.0,45510324,5.237354495652459
Argentina,"2021-04-04",2393492.0,45510324,5.259228653261181
Argentina,"2021-04-05",2407159.0,45510324,5.289259201934049
Argentina,"2021-04-06",2428029.0,45510324,5.3351169286336
Argentina,"2021-04-07",2450068.0,45510324,5.383543303273341
Argentina,"2021-04-08",2473751.0,45510324,5.43558204507619
Argentina,"2021-04-09",2497881.0,45510324,5.488602981600395
Argentina,"2021-04-10",2517300.0,45510324,5.531272420736886
Argentina,"2021-04-11",2532562.0,45510324,5.5648076686951295
Argentina,"2021-04-12",2551999.0,45510324,5.60751665929691
Argentina,"2021-04-13",2579000.0,45510324,5.6668460545347905
Argentina,"2021-04-14",2604157.0,45510324,5.7221236218841245
Argentina,"2021-04-15",2629156.0,45510324,5.7770540152603616
Argentina,"2021-04-16",2658628.0,45510324,5.84181294776104
Argentina,"2021-04-17",2677747.0,45510324,5.883823195809373
Argentina,"2021-04-18",2694014.0,45510324,5.919566733912947
Argentina,"2021-04-19",2714475.0,45510324,5.964525763428974
Argentina,"2021-04-20",2743620.0,45510324,6.028566177643561
Argentina,"2021-04-21",2769552.0,45510324,6.08554665530397
Argentina,"2021-04-22",2796768.0,45510324,6.145348470821697
Argentina,"2021-04-23",2824652.0,45510324,6.206618085162391
Argentina,"2021-04-24",2845872.0,45510324,6.25324486813146
Argentina,"2021-04-25",2860884.0,45510324,6.286230790182905
Argentina,"2021-04-26",2879677.0,45510324,6.327524717248773
Argentina,"2021-04-27",2905172.0,45510324,6.383544973224097
Argentina,"2021-04-28",2928890.0,45510324,6.4356606206538975
Argentina,"2021-04-29",2954943.0,45510324,6.4929069720531984
Argentina,"2021-04-30",2977363.0,45510324,6.5421705193749
Argentina,"2021-05-01",2993865.0,45510324,6.5784304238308655
Argentina,"2021-05-02",3005259.0,45510324,6.6034665013591205
Argentina,"2021-05-03",3021179.0,45510324,6.638447575104058
Argentina,"2021-05-04",3047417.0,45510324,6.696100427674388
Argentina,"2021-05-05",3071496.0,45510324,6.749009301713607
Argentina,"2021-05-06",3095582.0,45510324,6.801933556878215
Argentina,"2021-05-07",3118134.0,45510324,6.851487148278706
Argentina,"2021-05-08",3136158.0,45510324,6.891091348855262
Argentina,"2021-05-09",3147740.0,45510324,6.916540519465429
Argentina,"2021-05-10",3165121.0,45510324,6.954731853809698
Argentina,"2021-05-11",3191097.0,45510324,7.011809012829705
Argentina,"2021-05-12",3215572.0,45510324,7.0655880191052916
Argentina,"2021-05-13",3242103.0,45510324,7.12388468163839
Argentina,"2021-05-14",3269466.0,45510324,7.184009500789315
Argentina,"2021-05-15",3290935.0,45510324,7.231183412361555
Argentina,"2021-05-16",3307285.0,45510324,7.267109326666186
Argentina,"2021-05-17",3335965.0,45510324,7.330127994694127
Argentina,"2021-05-18",3371508.0,45510324,7.4082267575155045
Argentina,"2021-05-19",3411160.0,45510324,7.4953542409410225
Argentina,"2021-05-20",3447044.0,45510324,7.574202284299273
Argentina,"2021-05-21",3482512.0,45510324,7.65213624934861
Argentina,"2021-05-22",3514683.0,45510324,7.722825704339085
Argentina,"2021-05-23",3539484.0,45510324,7.777321031597138
Argentina,"2021-05-24",3562135.0,45510324,7.827092156056723
Argentina,"2021-05-25",3586736.0,45510324,7.881148022589336
Argentina,"2021-05-26",3622135.0,45510324,7.958930373688397
Argentina,"2021-05-27",3663215.0,45510324,8.049195606693548
Argentina,"2021-05-28",3702422.0,45510324,8.135345290004967
Argentina,"2021-05-29",3732263.0,45510324,8.20091502754408
Argentina,"2021-05-30",3753609.0,45510324,8.247818670770176
Argentina,"2021-05-31",3781784.0,45510324,8.309727700466382
Argentina,"2021-06-01",3817139.0,45510324,8.387413370205845
Argentina,"2021-06-02",3852156.0,45510324,8.464356351319319
Argentina,"2021-06-03",3884447.0,45510324,8.535309482745058
Argentina,"2021-06-04",3915397.0,45510324,8.60331603000673
Argentina,"2021-06-05",3939024.0,45510324,8.655231722806455
Argentina,"2021-06-06",3955439.0,45510324,8.691300461846854
Argentina,"2021-06-07",3977634.0,45510324,8.74006961585244
Argentina,"2021-06-08",4008771.0,45510324,8.808487058892396
Argentina,"2021-06-09",4038528.0,45510324,8.873872222926824
Argentina,"2021-06-10",4066156.0,45510324,8.934579327538955
Argentina,"2021-06-11",4093090.0,45510324,8.993761503433815
Argentina,"2021-06-12",4111147.0,45510324,9.033438215030067
Argentina,"2021-06-13",4124190.0,45510324,9.062097646239566
Argentina,"2021-06-14",4145482.0,45510324,9.108882635069794
Argentina,"2021-06-15",4172742.0,45510324,9.168781131947117
Argentina,"2021-06-16",4198620.0,45510324,9.225642955211658
Argentina,"2021-06-17",4222400.0,45510324,9.277894835466343
Argentina,"2021-06-18",4242763.0,45510324,9.322638529226907
Argentina,"2021-06-19",4258394.0,45510324,9.356984582223586
Argentina,"2021-06-20",4268789.0,45510324,9.379825553428272
Argentina,"2021-06-21",4277395.0,45510324,9.39873554844391
Argentina,"2021-06-22",4298782.0,45510324,9.44572928111872
Argentina,"2021-06-23",4326101.0,45510324,9.505757418910047
Argentina,"2021-06-24",4350564.0,45510324,9.55951005754211
Argentina,"2021-06-25",4374587.0,45510324,9.612295882578204
Argentina,"2021-06-26",4393142.0,45510324,9.653066851380798
Argentina,"2021-06-27",4405247.0,45510324,9.67966521178799
Argentina,"2021-06-28",4423636.0,45510324,9.72007142818847
Argentina,"2021-06-29",4447701.0,45510324,9.772949539976908
Argentina,"2021-06-30",4470374.0,45510324,9.82276900511629
Argentina,"2021-07-01",4491551.0,45510324,9.869301304029388
Argentina,"2021-07-02",4512439.0,45510324,9.915198582194229
Argentina,"2021-07-03",4526473.0,45510324,9.946035541298277
Argentina,"2021-07-04",4535473.0,45510324,9.965811273943029
Argentina,"2021-07-05",4552750.0,45510324,10.00377408871007
Argentina,"2021-07-06",4574340.0,45510324,10.051213874021201
Argentina,"2021-07-07",4593763.0,45510324,10.0938921023722
Argentina,"2021-07-08",4613019.0,45510324,10.136203381017458
Argentina,"2021-07-09",4627537.0,45510324,10.16810383507707
Argentina,"2021-07-10",4639098.0,45510324,10.193506862311066
Argentina,"2021-07-11",4647948.0,45510324,10.212952999411739
Argentina,"2021-07-12",4662937.0,45510324,10.245888383479757
Argentina,"2021-07-13",4682960.0,45510324,10.289884994007075
Argentina,"2021-07-14",4702657.0,45510324,10.333165283551926
Argentina,"2021-07-15",4719952.0,45510324,10.371167649784256
Argentina,"2021-07-16",4737213.0,45510324,10.409095307693262
Argentina,"2021-07-17",4749443.0,45510324,10.43596833105385
Argentina,"2021-07-18",4756378.0,45510324,10.451206631708445
Argentina,"2021-07-19",4769142.0,45510324,10.479253015205957
Argentina,"2021-07-20",4784219.0,45510324,10.512381761993169
Argentina,"2021-07-21",4798851.0,45510324,10.54453270866628
Argentina,"2021-07-22",4812351.0,45510324,10.574196307633406
Argentina,"2021-07-23",4827973.0,45510324,10.60852258489744
Argentina,"2021-07-24",4839109.0,45510324,10.632991758089878
Argentina,"2021-07-25",4846615.0,45510324,10.649484719115602
Argentina,"2021-07-26",4859170.0,45510324,10.677071866155028
Argentina,"2021-07-27",4875927.0,45510324,10.713892083035928
Argentina,"2021-07-28",4891810.0,45510324,10.74879185654666
Argentina,"2021-07-29",4905925.0,45510324,10.779806797244511
Argentina,"2021-07-30",4919408.0,45510324,10.809433042049974
Argentina,"2021-07-31",4929764.0,45510324,10.832188318413202
Argentina,"2021-08-01",4935847.0,45510324,10.845554516377428
Argentina,"2021-08-02",4947030.0,45510324,10.870126962840343
Argentina,"2021-08-03",4961880.0,45510324,10.902756921704183
Argentina,"2021-08-04",4975616.0,45510324,10.932939084327327
Argentina,"2021-08-05",4989402.0,45510324,10.963231112131831
Argentina,"2021-08-06",5002951.0,45510324,10.99300237897669
Argentina,"2021-08-07",5012754.0,45510324,11.014542546434079
Argentina,"2021-08-08",5018895.0,45510324,11.02803618800868
Argentina,"2021-08-09",5029075.0,45510324,11.050404738933523
Argentina,"2021-08-10",5041487.0,45510324,11.07767767155426
Argentina,"2021-08-11",5052884.0,45510324,11.102720340993399
Argentina,"2021-08-12",5066253.0,45510324,11.132096093185362
Argentina,"2021-08-13",5074725.0,45510324,11.150711649514953
Argentina,"2021-08-14",5080908.0,45510324,11.164297577841896
Argentina,"2021-08-15",5084635.0,45510324,11.172486928460453
Argentina,"2021-08-16",5088271.0,45510324,11.180476324448932
Argentina,"2021-08-17",5096443.0,45510324,11.198432689690366
Argentina,"2021-08-18",5106207.0,45510324,11.219887162306295
Argentina,"2021-08-19",5116803.0,45510324,11.243169791540048
Argentina,"2021-08-20",5124963.0,45510324,11.261099789137955
Argentina,"2021-08-21",5130852.0,45510324,11.274039710198505
Argentina,"2021-08-22",5133831.0,45510324,11.280585477703916
Argentina,"2021-08-23",5139966.0,45510324,11.294065935456755
Argentina,"2021-08-24",5148085.0,45510324,11.311905843605947
Argentina,"2021-08-25",5155079.0,45510324,11.327273785174546
Argentina,"2021-08-26",5161926.0,45510324,11.342318723109948
Argentina,"2021-08-27",5167733.0,45510324,11.355078465273067
Argentina,"2021-08-28",5171458.0,45510324,11.363263421284366
Argentina,"2021-08-29",5173531.0,45510324,11.36781843170354
Argentina,"2021-08-30",5178889.0,45510324,11.379591584538048
Argentina,"2021-08-31",5185620.0,45510324,11.394381635252696
Argentina,"2021-09-01",5190948.0,45510324,11.406088868978388
Argentina,"2021-09-02",5195601.0,45510324,11.416312922755726
Argentina,"2021-09-03",5199919.0,45510324,11.42580087981795
Argentina,"2021-09-04",5202405.0,45510324,11.431263376635156
Argentina,"2021-09-05",5203802.0,45510324,11.434333009802348
Argentina,"2021-09-06",5207695.0,45510324,11.442887112823016
Argentina,"2021-09-07",5211801.0,45510324,11.451909241516276
Argentina,"2021-09-08",5215332.0,45510324,11.4596679206239
Argentina,"2021-09-09",5218993.0,45510324,11.46771224920306
Argentina,"2021-09-10",5221809.0,45510324,11.47389985621724
Argentina,"2021-09-11",5223604.0,45510324,11.477844016228055
Argentina,"2021-09-12",5224534.0,45510324,11.479887508601346
Argentina,"2021-09-13",5226831.0,45510324,11.484934715033011
Argentina,"2021-09-14",5229848.0,45510324,11.491563980076256
Argentina,"2021-09-15",5232358.0,45510324,11.497079212180514
Argentina,"2021-09-16",5234851.0,45510324,11.502557090123112
Argentina,"2021-09-17",5237159.0,45510324,11.507628466894676
Argentina,"2021-09-18",5238610.0,45510324,11.510816754457736
Argentina,"2021-09-19",5239232.0,45510324,11.512183477313851
Argentina,"2021-09-20",5241394.0,45510324,11.516934047755846
Argentina,"2021-09-21",5243231.0,45510324,11.520970494519002
Argentina,"2021-09-22",5245265.0,45510324,11.525439810096715
Argentina,"2021-09-23",5246998.0,45510324,11.529247737282644
Argentina,"2021-09-24",5248847.0,45510324,11.533310551689327
Argentina,"2021-09-25",5249840.0,45510324,11.53549247419113
Argentina,"2021-09-26",5250402.0,45510324,11.536727358829614
Argentina,"2021-09-27",5251940.0,45510324,11.54010681180824
Argentina,"2021-09-28",5253765.0,45510324,11.544116890927869
Argentina,"2021-09-29",5255261.0,45510324,11.547404057154152
Argentina,"2021-09-30",5256902.0,45510324,11.551009832406379
Argentina,"2021-10-01",5258466.0,45510324,11.554446415279312
Argentina,"2021-10-02",5259352.0,45510324,11.556393226293006
Argentina,"2021-10-03",5259738.0,45510324,11.557241385493104
Argentina,"2021-10-04",5260719.0,45510324,11.55939694035138
Argentina,"2021-10-05",5261935.0,45510324,11.562068861562048
Argentina,"2021-10-06",5263219.0,45510324,11.564890199419366
Argentina,"2021-10-07",5264305.0,45510324,11.5672764711585
Argentina,"2021-10-08",5265058.0,45510324,11.568931040789778
Argentina,"2021-10-09",5265528.0,45510324,11.56996377349456
Argentina,"2021-10-10",5265859.0,45510324,11.57069108099516
Argentina,"2021-10-11",5266275.0,45510324,11.571605159304074
Argentina,"2021-10-12",5267339.0,45510324,11.573943090363409
Argentina,"2021-10-13",5268653.0,45510324,11.576830347329542
Argentina,"2021-10-14",5270003.0,45510324,11.579796707226254
Argentina,"2021-10-15",5271361.0,45510324,11.582780645551985
Argentina,"2021-10-16",5272151.0,45510324,11.58451651541747
Argentina,"2021-10-17",5272551.0,45510324,11.585395436868346
Argentina,"2021-10-18",5273463.0,45510324,11.587399377776348
Argentina,"2021-10-19",5274766.0,45510324,11.590262464402583
Argentina,"2021-10-20",5275984.0,45510324,11.592938780220505
Argentina,"2021-10-21",5277525.0,45510324,11.596324825110012
Argentina,"2021-10-22",5278910.0,45510324,11.599368090633677
Argentina,"2021-10-23",5279818.0,45510324,11.60136324232717
Argentina,"2021-10-24",5280358.0,45510324,11.602549786285854
Argentina,"2021-10-25",5281585.0,45510324,11.605245877836422
Argentina,"2021-10-26",5283000.0,45510324,11.608355062468902
Argentina,"2021-10-27",5284485.0,45510324,11.611618058355287
Argentina,"2021-10-28",5286074.0,45510324,11.615109573818899
Argentina,"2021-10-29",5287447.0,45510324,11.618126471699036
Argentina,"2021-10-30",5288259.0,45510324,11.619910682244319
Argentina,"2021-10-31",5288807.0,45510324,11.621114804632022
Argentina,"2021-11-01",5289945.0,45510324,11.62361533615977
Argentina,"2021-11-02",5291285.0,45510324,11.62655972302021
Argentina,"2021-11-03",5292549.0,45510324,11.629337114804985
Argentina,"2021-11-04",5293989.0,45510324,11.632501232028144
Argentina,"2021-11-05",5295260.0,45510324,11.635294004938308
Argentina,"2021-11-06",5296188.0,45510324,11.637333102704345
Argentina,"2021-11-07",5296781.0,45510324,11.638636103755271
Argentina,"2021-11-08",5298069.0,45510324,11.641466230827097
Argentina,"2021-11-09",5299418.0,45510324,11.644430393420183
Argentina,"2021-11-10",5300985.0,45510324,11.647873568203996
Argentina,"2021-11-11",5302445.0,45510324,11.6510816314997
Argentina,"2021-11-12",5304059.0,45510324,11.654628079553992
Argentina,"2021-11-13",5305151.0,45510324,11.657027535114889
Argentina,"2021-11-14",5305742.0,45510324,11.658326141558561
Argentina,"2021-11-15",5307159.0,45510324,11.661439720798295
Argentina,"2021-11-16",5308781.0,45510324,11.665003747281606
Argentina,"2021-11-17",5310334.0,45510324,11.668416159814639
Argentina,"2021-11-18",5312089.0,45510324,11.672272427680365
Argentina,"2021-11-19",5313607.0,45510324,11.675607934586447
Argentina,"2021-11-20",5314702.0,45510324,11.678013982058225
Argentina,"2021-11-21",5315348.0,45510324,11.679433440201393
Argentina,"2021-11-22",5315989.0,45510324,11.680841911826425
Argentina,"2021-11-23",5317633.0,45510324,11.684454278989532
Argentina,"2021-11-24",5319867.0,45510324,11.689363055292684
Argentina,"2021-11-25",5322127.0,45510324,11.694328961490145
Argentina,"2021-11-26",5324039.0,45510324,11.69853020602534
Argentina,"2021-11-27",5325560.0,45510324,11.701872304842304
Argentina,"2021-11-28",5326448.0,45510324,11.703823510463254
Argentina,"2021-11-29",5328416.0,45510324,11.708147804001571
Argentina,"2021-11-30",5330748.0,45510324,11.713271916060188
Argentina,"2021-12-01",5332629.0,45510324,11.717405044182943
Argentina,"2021-12-02",5335310.0,45510324,11.72329601520745
Argentina,"2021-12-03",5337692.0,45510324,11.728529992447429
Argentina,"2021-12-04",5339382.0,45510324,11.732243435577388
Argentina,"2021-12-05",5340676.0,45510324,11.735086746470976
Argentina,"2021-12-06",5343153.0,45510324,11.740529467555536
Argentina,"2021-12-07",5346242.0,45510324,11.74731693845994
Argentina,"2021-12-08",5348123.0,45510324,11.751450066582695
Argentina,"2021-12-09",5350867.0,45510324,11.757479467735717
Argentina,"2021-12-10",5354440.0,45510324,11.765330433595683
Argentina,"2021-12-11",5356885.0,45510324,11.770702840964173
Argentina,"2021-12-12",5358455.0,45510324,11.77415260765887
Argentina,"2021-12-13",5361967.0,45510324,11.781869537997576
Argentina,"2021-12-14",5366522.0,45510324,11.791878256019448
Argentina,"2021-12-15",5371341.0,45510324,11.802467062198899
Argentina,"2021-12-16",5376642.0,45510324,11.814114968726656
Argentina,"2021-12-17",5382290.0,45510324,11.826525339613053
Argentina,"2021-12-18",5386453.0,45510324,11.835672714613061
Argentina,"2021-12-19",5389707.0,45510324,11.842822740615953
Argentina,"2021-12-20",5395044.0,45510324,11.854549750074291
Argentina,"2021-12-21",5404380.0,45510324,11.875063776737779
Argentina,"2021-12-22",5415501.0,45510324,11.89949999037581
Argentina,"2021-12-23",5428957.0,45510324,11.92906690798334
Argentina,"2021-12-24",5445236.0,45510324,11.964836813730441
Argentina,"2021-12-25",5452419.0,45510324,11.980620045684578
Argentina,"2021-12-26",5460042.0,45510324,11.997370091234684
Argentina,"2021-12-27",5480305.0,45510324,12.041894054632527
Argentina,"2021-12-28",5514207.0,45510324,12.116387042201678
Argentina,"2021-12-29",5556239.0,45510324,12.20874410825992
Argentina,"2021-12-30",5606745.0,45510324,12.319721125255008
Argentina,"2021-12-31",5654408.0,45510324,12.424451208037983
Argentina,"2022-01-01",5674428.0,45510324,12.468441226654418
Argentina,"2022-01-02",5694930.0,45510324,12.51349034561916
Argentina,"2022-01-03",5739326.0,45510324,12.611041837452092
Argentina,"2022-01-04",5820536.0,45510324,12.789484865016561
Argentina,"2022-01-05",5915695.0,45510324,12.998578080876769
Argentina,"2022-01-06",6025303.0,45510324,13.239420136846311
Argentina,"2022-01-07",6135836.0,45510324,13.48229469867101
Argentina,"2022-01-08",6237525.0,45510324,13.705736307216798
Argentina,"2022-01-09",6310844.0,45510324,13.866840411859076
Argentina,"2022-01-10",6399196.0,45510324,14.060976581928971
Argentina,"2022-01-11",6533635.0,45510324,14.35637988426538
Argentina,"2022-01-12",6664717.0,45510324,14.644406838325299
Argentina,"2022-01-13",6793119.0,45510324,14.926545018664337
Argentina,"2022-01-14",6932972.0,45510324,15.233844522838377
Argentina,"2022-01-15",7029624.0,45510324,15.446218313013988
Argentina,"2022-01-16",7094865.0,45510324,15.589572598955789
Argentina,"2022-01-17",7197323.0,45510324,15.81470393399089
Argentina,"2022-01-18",7318305.0,45510324,16.080538121416144
Argentina,"2022-01-19",7446626.0,45510324,16.36249832016138
Argentina,"2022-01-20",7576335.0,45510324,16.647508376341158
Argentina,"2022-01-21",7694506.0,45510324,16.907165943270368
Argentina,"2022-01-22",7792652.0,45510324,17.122822505065006
Argentina,"2022-01-23",7862536.0,45510324,17.27637887174787
Argentina,"2022-01-24",7940657.0,45510324,17.448034428407937
Argentina,"2022-01-25",8041520.0,45510324,17.669661064157662
Argentina,"2022-01-26",8130023.0,45510324,17.86412902707526
Argentina,"2022-01-27",8207752.0,45510324,18.034923240713468
Argentina,"2022-01-28",8271636.0,45510324,18.175295785633168
Argentina,"2022-01-29",8313614.0,45510324,18.26753419729554
Argentina,"2022-01-30",8335184.0,45510324,18.31493003653413
Argentina,"2022-01-31",8378656.0,45510324,18.41045121981553
Argentina,"2022-02-01",8427778.0,45510324,18.518387168590582
Argentina,"2022-02-02",8472848.0,45510324,18.617419643068242
Argentina,"2022-02-03",8515285.0,45510324,18.710666617095498
Argentina,"2022-02-04",8555379.0,45510324,18.798765308724235
Argentina,"2022-02-05",8577215.0,45510324,18.846745630727657
Argentina,"2022-02-06",8589879.0,45510324,18.87457228386245
Argentina,"2022-02-07",8615285.0,45510324,18.930396979814955
Argentina,"2022-02-08",8648075.0,45510324,19.002446565750663
Argentina,"2022-02-09",8675327.0,45510324,19.06232748419897
Argentina,"2022-02-10",8700437.0,45510324,19.117501778277827
Argentina,"2022-02-11",8716940.0,45510324,19.153763880037417
Argentina,"2022-02-12",8728262.0,45510324,19.178641751704514
Argentina,"2022-02-13",8734551.0,45510324,19.19246059421594
Argentina,"2022-02-14",8747601.0,45510324,19.22113540655083
Argentina,"2022-02-15",8766174.0,45510324,19.261945926818715
Argentina,"2022-02-16",8783208.0,45510324,19.299374796804347
Argentina,"2022-02-17",8799858.0,45510324,19.335959902197136
Argentina,"2022-02-18",8815247.0,45510324,19.369774207716034
Argentina,"2022-02-19",8823054.0,45510324,19.386928557133544
Argentina,"2022-02-20",8827504.0,45510324,19.396706558274555
Argentina,"2022-02-21",8838674.0,45510324,19.42125043979032
Argentina,"2022-02-22",8855624.0,45510324,19.45849473627127
Argentina,"2022-02-23",8868188.0,45510324,19.486101659043342
Argentina,"2022-02-24",8878486.0,45510324,19.508729491796192
Argentina,"2022-02-25",8887973.0,45510324,19.529575311307386
Argentina,"2022-02-26",8893568.0,45510324,19.54186922510154
Argentina,"2022-02-27",8897178.0,45510324,19.549801491195712
Argentina,"2022-02-28",8900656.0,45510324,19.557443713211097
Argentina,"2022-03-01",8904176.0,45510324,19.56517822197882
Argentina,"2022-03-02",8912317.0,45510324,19.58306647080781
Argentina,"2022-03-03",8921536.0,45510324,19.603323412946917
Argentina,"2022-03-04",8929898.0,45510324,19.62169726587752
Argentina,"2022-03-05",8934328.0,45510324,19.631431320945993
Argentina,"2022-03-06",8936602.0,45510324,19.63642798939423
Argentina,"2022-03-07",8942888.0,45510324,19.650240239994776
Argentina,"2022-03-08",8949362.0,45510324,19.66446558367723
Argentina,"2022-03-09",8955458.0,45510324,19.67786034658861
Argentina,"2022-03-10",8961595.0,45510324,19.691345198948703
Argentina,"2022-03-11",8967210.0,45510324,19.7036830588154
Argentina,"2022-03-12",8970196.0,45510324,19.710244207446202
Argentina,"2022-03-13",8971432.0,45510324,19.71296007472942
Argentina,"2022-03-14",8976079.0,45510324,19.72317094468499
Argentina,"2022-03-15",8981155.0,45510324,19.73432445789663
Argentina,"2022-03-16",8985836.0,45510324,19.744610036175526
Argentina,"2022-03-17",8990413.0,45510324,19.7546670948772
Argentina,"2022-03-18",9004829.0,45510324,19.786343423966834
Argentina,"2022-03-19",9006526.0,45510324,19.790072248222184
Argentina,"2022-03-20",9007753.0,45510324,19.792768339772753
Argentina,"2022-03-21",9011367.0,45510324,19.80070939508143
Argentina,"2022-03-22",9016057.0,45510324,19.811014749092976
Argentina,"2022-03-23",9019660.0,45510324,19.818931634061755
Argentina,"2022-03-24",9021240.0,45510324,19.822403373792724
Argentina,"2022-03-25",9023812.0,45510324,19.82805483872187
Argentina,"2022-03-26",9025257.0,45510324,19.831229942463168
Argentina,"2022-03-27",9026075.0,45510324,19.833027336830213
Argentina,"2022-03-28",9028730.0,45510324,19.838861177960414
Argentina,"2022-03-29",9032162.0,45510324,19.846402324008945
Argentina,"2022-03-30",9035127.0,45510324,19.852917329263576
Argentina,"2022-03-31",9037911.0,45510324,19.859034622561687
Argentina,"2022-04-01",9039838.0,45510324,19.86326882665129
Argentina,"2022-04-02",9040640.0,45510324,19.8650310641603
Argentina,"2022-04-03",9041124.0,45510324,19.86609455911586
Argentina,"2022-04-04",9043098.0,45510324,19.870432036475943
Argentina,"2022-04-05",9045326.0,45510324,19.875327628957333
Argentina,"2022-04-06",9047408.0,45510324,19.87990241510915
Argentina,"2022-04-07",9049250.0,45510324,19.883949848390444
Argentina,"2022-04-08",9051243.0,45510324,19.888329074519444
Argentina,"2022-04-09",9052083.0,45510324,19.890174809566286
Argentina,"2022-04-10",9052536.0,45510324,19.891170188109406
Argentina,"2022-04-11",9054126.0,45510324,19.894663900876644
Argentina,"2022-04-12",9056203.0,45510324,19.899227700510327
Argentina,"2022-04-13",9057923.0,45510324,19.903007062749104
Argentina,"2022-04-14",9059351.0,45510324,19.906144812328737
Argentina,"2022-04-15",9059944.0,45510324,19.907447813379665
Argentina,"2022-04-16",9060495.0,45510324,19.90865852767825
Argentina,"2022-04-17",9060923.0,45510324,19.909598973630686
Argentina,"2022-04-18",9060923.0,45510324,19.909598973630686
Argentina,"2022-04-19",9060923.0,45510324,19.909598973630686
Argentina,"2022-04-20",9060923.0,45510324,19.909598973630686
Argentina,"2022-04-21",9060923.0,45510324,19.909598973630686
Argentina,"2022-04-22",9060923.0,45510324,19.909598973630686
Argentina,"2022-04-23",9060923.0,45510324,19.909598973630686
Argentina,"2022-04-24",9060923.0,45510324,19.909598973630686
Argentina,"2022-04-25",9072230.0,45510324,19.934443885743374
Argentina,"2022-04-26",9072230.0,45510324,19.934443885743374
Argentina,"2022-04-27",9072230.0,45510324,19.934443885743374
Argentina,"2022-04-28",9072230.0,45510324,19.934443885743374
Argentina,"2022-04-29",9072230.0,45510324,19.934443885743374
Argentina,"2022-04-30",9072230.0,45510324,19.934443885743374
Argentina,"2022-05-01",9083673.0,45510324,19.959587631149365
Argentina,"2022-05-02",9083673.0,45510324,19.959587631149365
Argentina,"2022-05-03",9083673.0,45510324,19.959587631149365
Argentina,"2022-05-04",9083673.0,45510324,19.959587631149365
Argentina,"2022-05-05",9083673.0,45510324,19.959587631149365
Argentina,"2022-05-06",9083673.0,45510324,19.959587631149365
Argentina,"2022-05-07",9083673.0,45510324,19.959587631149365
Argentina,"2022-05-08",9101319.0,45510324,19.998361250954837
Argentina,"2022-05-09",9101319.0,45510324,19.998361250954837
Argentina,"2022-05-10",9101319.0,45510324,19.998361250954837
Argentina,"2022-05-11",9101319.0,45510324,19.998361250954837
Argentina,"2022-05-12",9101319.0,45510324,19.998361250954837
Argentina,"2022-05-13",9101319.0,45510324,19.998361250954837
Argentina,"2022-05-14",9101319.0,45510324,19.998361250954837
Argentina,"2022-05-15",9135308.0,45510324,20.073045403939556
Argentina,"2022-05-16",9135308.0,45510324,20.073045403939556
Argentina,"2022-05-17",9135308.0,45510324,20.073045403939556
Argentina,"2022-05-18",9135308.0,45510324,20.073045403939556
Argentina,"2022-05-19",9135308.0,45510324,20.073045403939556
Argentina,"2022-05-20",9135308.0,45510324,20.073045403939556
Argentina,"2022-05-21",9135308.0,45510324,20.073045403939556
Argentina,"2022-05-22",9178795.0,45510324,20.168599546775365
Argentina,"2022-05-23",9178795.0,45510324,20.168599546775365
Argentina,"2022-05-24",9178795.0,45510324,20.168599546775365
Argentina,"2022-05-25",9178795.0,45510324,20.168599546775365
Argentina,"2022-05-26",9178795.0,45510324,20.168599546775365
Argentina,"2022-05-27",9178795.0,45510324,20.168599546775365
Argentina,"2022-05-28",9178795.0,45510324,20.168599546775365
Argentina,"2022-05-29",9230573.0,45510324,20.282371533984247
Argentina,"2022-05-30",9230573.0,45510324,20.282371533984247
Argentina,"2022-05-31",9230573.0,45510324,20.282371533984247
Argentina,"2022-06-01",9230573.0,45510324,20.282371533984247
Argentina,"2022-06-02",9230573.0,45510324,20.282371533984247
Argentina,"2022-06-03",9230573.0,45510324,20.282371533984247
Argentina,"2022-06-04",9230573.0,45510324,20.282371533984247
Argentina,"2022-06-05",9276618.0,45510324,20.38354637949842
Argentina,"2022-06-06",9276618.0,45510324,20.38354637949842
Argentina,"2022-06-07",9276618.0,45510324,20.38354637949842
Argentina,"2022-06-08",9276618.0,45510324,20.38354637949842
Argentina,"2022-06-09",9276618.0,45510324,20.38354637949842
Argentina,"2022-06-10",9276618.0,45510324,20.38354637949842
Argentina,"2022-06-11",9276618.0,45510324,20.38354637949842
Argentina,"2022-06-12",9276618.0,45510324,20.38354637949842
Argentina,"2022-06-13",9276618.0,45510324,20.38354637949842
Argentina,"2022-06-14",9313453.0,45510324,20.464484058606132
Argentina,"2022-06-15",9313453.0,45510324,20.464484058606132
Argentina,"2022-06-16",9313453.0,45510324,20.464484058606132
Argentina,"2022-06-17",9313453.0,45510324,20.464484058606132
Argentina,"2022-06-18",9313453.0,45510324,20.464484058606132
Argentina,"2022-06-19",9341492.0,45510324,20.52609425500904
Argentina,"2022-06-20",9341492.0,45510324,20.52609425500904
Argentina,"2022-06-21",9341492.0,45510324,20.52609425500904
Argentina,"2022-06-22",9341492.0,45510324,20.52609425500904
Argentina,"2022-06-23",9341492.0,45510324,20.52609425500904
Argentina,"2022-06-24",9341492.0,45510324,20.52609425500904
Argentina,"2022-06-25",9341492.0,45510324,20.52609425500904
Argentina,"2022-06-26",9367172.0,45510324,20.582521012155397
Argentina,"2022-06-27",9367172.0,45510324,20.582521012155397
Argentina,"2022-06-28",9367172.0,45510324,20.582521012155397
Argentina,"2022-06-29",9367172.0,45510324,20.582521012155397
Argentina,"2022-06-30",9367172.0,45510324,20.582521012155397
Argentina,"2022-07-01",9367172.0,45510324,20.582521012155397
Argentina,"2022-07-02",9367172.0,45510324,20.582521012155397
Argentina,"2022-07-03",9394326.0,45510324,20.642186594848237
Argentina,"2022-07-04",9394326.0,45510324,20.642186594848237
Argentina,"2022-07-05",9394326.0,45510324,20.642186594848237
Argentina,"2022-07-06",9394326.0,45510324,20.642186594848237
Argentina,"2022-07-07",9394326.0,45510324,20.642186594848237
Argentina,"2022-07-08",9394326.0,45510324,20.642186594848237
Argentina,"2022-07-09",9394326.0,45510324,20.642186594848237
Argentina,"2022-07-10",9426171.0,45510324,20.712159728856246
Argentina,"2022-07-11",9426171.0,45510324,20.712159728856246
Argentina,"2022-07-12",9426171.0,45510324,20.712159728856246
Argentina,"2022-07-13",9426171.0,45510324,20.712159728856246
Argentina,"2022-07-14",9426171.0,45510324,20.712159728856246
Argentina,"2022-07-15",9426171.0,45510324,20.712159728856246
Argentina,"2022-07-16",9426171.0,45510324,20.712159728856246
Argentina,"2022-07-17",9465827.0,45510324,20.799296001496277
Argentina,"2022-07-18",9465827.0,45510324,20.799296001496277
Argentina,"2022-07-19",9465827.0,45510324,20.799296001496277
Argentina,"2022-07-20",9465827.0,45510324,20.799296001496277
Argentina,"2022-07-21",9465827.0,45510324,20.799296001496277
Argentina,"2022-07-22",9465827.0,45510324,20.799296001496277
Argentina,"2022-07-23",9465827.0,45510324,20.799296001496277
Argentina,"2022-07-24",9507562.0,45510324,20.891000468377243
Argentina,"2022-07-25",9507562.0,45510324,20.891000468377243
Argentina,"2022-07-26",9507562.0,45510324,20.891000468377243
Argentina,"2022-07-27",9507562.0,45510324,20.891000468377243
Argentina,"2022-07-28",9507562.0,45510324,20.891000468377243
Argentina,"2022-07-29",9507562.0,45510324,20.891000468377243
Argentina,"2022-07-30",9507562.0,45510324,20.891000468377243
Argentina,"2022-07-31",9560307.0,45510324,21.006897248193617
Argentina,"2022-08-01",9560307.0,45510324,21.006897248193617
Argentina,"2022-08-02",9560307.0,45510324,21.006897248193617
Argentina,"2022-08-03",9560307.0,45510324,21.006897248193617
Argentina,"2022-08-04",9560307.0,45510324,21.006897248193617
Argentina,"2022-08-05",9560307.0,45510324,21.006897248193617
Argentina,"2022-08-06",9560307.0,45510324,21.006897248193617
Argentina,"2022-08-07",9602534.0,45510324,21.099682788459166
Argentina,"2022-08-08",9602534.0,45510324,21.099682788459166
Argentina,"2022-08-09",9602534.0,45510324,21.099682788459166
Argentina,"2022-08-10",9602534.0,45510324,21.099682788459166
Argentina,"2022-08-11",9602534.0,45510324,21.099682788459166
Argentina,"2022-08-12",9602534.0,45510324,21.099682788459166
Argentina,"2022-08-13",9602534.0,45510324,21.099682788459166
Argentina,"2022-08-14",9633732.0,45510324,21.16823426702038
Argentina,"2022-08-15",9633732.0,45510324,21.16823426702038
Argentina,"2022-08-16",9633732.0,45510324,21.16823426702038
Argentina,"2022-08-17",9633732.0,45510324,21.16823426702038
Argentina,"2022-08-18",9633732.0,45510324,21.16823426702038
Argentina,"2022-08-19",9633732.0,45510324,21.16823426702038
Argentina,"2022-08-20",9633732.0,45510324,21.16823426702038
Argentina,"2022-08-21",9658391.0,45510324,21.222417577163373
Argentina,"2022-08-22",9658391.0,45510324,21.222417577163373
Argentina,"2022-08-23",9658391.0,45510324,21.222417577163373
Argentina,"2022-08-24",9658391.0,45510324,21.222417577163373
Argentina,"2022-08-25",9658391.0,45510324,21.222417577163373
Argentina,"2022-08-26",9658391.0,45510324,21.222417577163373
Argentina,"2022-08-27",9658391.0,45510324,21.222417577163373
Argentina,"2022-08-28",9678225.0,45510324,21.265998897305145
Argentina,"2022-08-29",9678225.0,45510324,21.265998897305145
Argentina,"2022-08-30",9678225.0,45510324,21.265998897305145
Argentina,"2022-08-31",9678225.0,45510324,21.265998897305145
Argentina,"2022-09-01",9678225.0,45510324,21.265998897305145
Argentina,"2022-09-02",9678225.0,45510324,21.265998897305145
Argentina,"2022-09-03",9678225.0,45510324,21.265998897305145
Argentina,"2022-09-04",9689861.0,45510324,21.291566722311185
Argentina,"2022-09-05",9689861.0,45510324,21.291566722311185
Argentina,"2022-09-06",9689861.0,45510324,21.291566722311185
Argentina,"2022-09-07",9689861.0,45510324,21.291566722311185
Argentina,"2022-09-08",9689861.0,45510324,21.291566722311185
Argentina,"2022-09-09",9689861.0,45510324,21.291566722311185
Argentina,"2022-09-10",9689861.0,45510324,21.291566722311185
Argentina,"2022-09-11",9697763.0,45510324,21.308929815573276
Argentina,"2022-09-12",9697763.0,45510324,21.308929815573276
Argentina,"2022-09-13",9697763.0,45510324,21.308929815573276
Argentina,"2022-09-14",9697763.0,45510324,21.308929815573276
Argentina,"2022-09-15",9697763.0,45510324,21.308929815573276
Argentina,"2022-09-16",9697763.0,45510324,21.308929815573276
Argentina,"2022-09-17",9697763.0,45510324,21.308929815573276
Argentina,"2022-09-18",9703938.0,45510324,21.322498165471202
Argentina,"2022-09-19",9703938.0,45510324,21.322498165471202
Argentina,"2022-09-20",9703938.0,45510324,21.322498165471202
Argentina,"2022-09-21",9703938.0,45510324,21.322498165471202
Argentina,"2022-09-22",9703938.0,45510324,21.322498165471202
Argentina,"2022-09-23",9703938.0,45510324,21.322498165471202
Argentina,"2022-09-24",9703938.0,45510324,21.322498165471202
Argentina,"2022-09-25",9708420.0,45510324,21.332346480328287
Argentina,"2022-09-26",9708420.0,45510324,21.332346480328287
Argentina,"2022-09-27",9708420.0,45510324,21.332346480328287
Argentina,"2022-09-28",9708420.0,45510324,21.332346480328287
Argentina,"2022-09-29",9708420.0,45510324,21.332346480328287
Argentina,"2022-09-30",9708420.0,45510324,21.332346480328287
Argentina,"2022-10-01",9708420.0,45510324,21.332346480328287
Argentina,"2022-10-02",9711355.0,45510324,21.338795566474104
Argentina,"2022-10-03",9711355.0,45510324,21.338795566474104
Argentina,"2022-10-04",9711355.0,45510324,21.338795566474104
Argentina,"2022-10-05",9711355.0,45510324,21.338795566474104
Argentina,"2022-10-06",9711355.0,45510324,21.338795566474104
Argentina,"2022-10-07",9711355.0,45510324,21.338795566474104
Argentina,"2022-10-08",9711355.0,45510324,21.338795566474104
Argentina,"2022-10-09",9713594.0,45510324,21.343715329295392
Argentina,"2022-10-10",9713594.0,45510324,21.343715329295392
Argentina,"2022-10-11",9713594.0,45510324,21.343715329295392
Argentina,"2022-10-12",9713594.0,45510324,21.343715329295392
Argentina,"2022-10-13",9713594.0,45510324,21.343715329295392
Argentina,"2022-10-14",9713594.0,45510324,21.343715329295392
Argentina,"2022-10-15",9713594.0,45510324,21.343715329295392
Argentina,"2022-10-16",9715464.0,45510324,21.347824287078247
Argentina,"2022-10-17",9715464.0,45510324,21.347824287078247
Argentina,"2022-10-18",9715464.0,45510324,21.347824287078247
Argentina,"2022-10-19",9715464.0,45510324,21.347824287078247
Argentina,"2022-10-20",9715464.0,45510324,21.347824287078247
Argentina,"2022-10-21",9715464.0,45510324,21.347824287078247
Argentina,"2022-10-22",9715464.0,45510324,21.347824287078247
Argentina,"2022-10-23",9717546.0,45510324,21.352399073230067
Argentina,"2022-10-24",9717546.0,45510324,21.352399073230067
Argentina,"2022-10-25",9717546.0,45510324,21.352399073230067
Argentina,"2022-10-26",9717546.0,45510324,21.352399073230067
Argentina,"2022-10-27",9717546.0,45510324,21.352399073230067
Argentina,"2022-10-28",9717546.0,45510324,21.352399073230067
Argentina,"2022-10-29",9717546.0,45510324,21.352399073230067
Argentina,"2022-10-30",9718875.0,45510324,21.355319289750607
Argentina,"2022-10-31",9718875.0,45510324,21.355319289750607
Argentina,"2022-11-01",9718875.0,45510324,21.355319289750607
Argentina,"2022-11-02",9718875.0,45510324,21.355319289750607
Argentina,"2022-11-03",9718875.0,45510324,21.355319289750607
Argentina,"2022-11-04",9718875.0,45510324,21.355319289750607
Argentina,"2022-11-05",9718875.0,45510324,21.355319289750607
Argentina,"2022-11-06",9720232.0,45510324,21.35830103077271
Argentina,"2022-11-07",9720232.0,45510324,21.35830103077271
Argentina,"2022-11-08",9720232.0,45510324,21.35830103077271
Argentina,"2022-11-09",9720232.0,45510324,21.35830103077271
Argentina,"2022-11-10",9720232.0,45510324,21.35830103077271
Argentina,"2022-11-11",9720232.0,45510324,21.35830103077271
Argentina,"2022-11-12",9720232.0,45510324,21.35830103077271
Argentina,"2022-11-13",9721718.0,45510324,21.361566223962722
Argentina,"2022-11-14",9721718.0,45510324,21.361566223962722
Argentina,"2022-11-15",9721718.0,45510324,21.361566223962722
Argentina,"2022-11-16",9721718.0,45510324,21.361566223962722
Argentina,"2022-11-17",9721718.0,45510324,21.361566223962722
Argentina,"2022-11-18",9721718.0,45510324,21.361566223962722
Argentina,"2022-11-19",9721718.0,45510324,21.361566223962722
Argentina,"2022-11-20",9723924.0,45510324,21.36641347576431
Argentina,"2022-11-21",9723924.0,45510324,21.36641347576431
Argentina,"2022-11-22",9723924.0,45510324,21.36641347576431
Argentina,"2022-11-23",9723924.0,45510324,21.36641347576431
Argentina,"2022-11-24",9723924.0,45510324,21.36641347576431
Argentina,"2022-11-25",9723924.0,45510324,21.36641347576431
Argentina,"2022-11-26",9723924.0,45510324,21.36641347576431
Argentina,"2022-11-27",9727247.0,45510324,21.373715115717477
Argentina,"2022-11-28",9727247.0,45510324,21.373715115717477
Argentina,"2022-11-29",9727247.0,45510324,21.373715115717477
Argentina,"2022-11-30",9727247.0,45510324,21.373715115717477
Argentina,"2022-12-01",9727247.0,45510324,21.373715115717477
Argentina,"2022-12-02",9727247.0,45510324,21.373715115717477
Argentina,"2022-12-03",9727247.0,45510324,21.373715115717477
Argentina,"2022-12-04",9739856.0,45510324,21.401420917152777
Argentina,"2022-12-05",9739856.0,45510324,21.401420917152777
Argentina,"2022-12-06",9739856.0,45510324,21.401420917152777
Argentina,"2022-12-07",9739856.0,45510324,21.401420917152777
Argentina,"2022-12-08",9739856.0,45510324,21.401420917152777
Argentina,"2022-12-09",9739856.0,45510324,21.401420917152777
Argentina,"2022-12-10",9739856.0,45510324,21.401420917152777
Argentina,"2022-12-11",9766975.0,45510324,21.461009594218666
Argentina,"2022-12-12",9766975.0,45510324,21.461009594218666
Argentina,"2022-12-13",9766975.0,45510324,21.461009594218666
Argentina,"2022-12-14",9766975.0,45510324,21.461009594218666
Argentina,"2022-12-15",9766975.0,45510324,21.461009594218666
Argentina,"2022-12-16",9766975.0,45510324,21.461009594218666
Argentina,"2022-12-17",9766975.0,45510324,21.461009594218666
Argentina,"2022-12-18",9766975.0,45510324,21.461009594218666
Argentina,"2022-12-19",9829236.0,45510324,21.597815915351426
Argentina,"2022-12-20",9829236.0,45510324,21.597815915351426
Argentina,"2022-12-21",9829236.0,45510324,21.597815915351426
Argentina,"2022-12-22",9829236.0,45510324,21.597815915351426
Argentina,"2022-12-23",9829236.0,45510324,21.597815915351426
Argentina,"2022-12-24",9829236.0,45510324,21.597815915351426
Argentina,"2022-12-25",9829236.0,45510324,21.597815915351426
Argentina,"2022-12-26",9891139.0,45510324,21.733835601785653
Argentina,"2022-12-27",9891139.0,45510324,21.733835601785653
Argentina,"2022-12-28",9891139.0,45510324,21.733835601785653
Argentina,"2022-12-29",9891139.0,45510324,21.733835601785653
Argentina,"2022-12-30",9891139.0,45510324,21.733835601785653
Argentina,"2022-12-31",9891139.0,45510324,21.733835601785653
Argentina,"2023-01-01",9891139.0,45510324,21.733835601785653
Argentina,"2023-01-02",9963697.0,45510324,21.893267558367636
Argentina,"2023-01-03",9963697.0,45510324,21.893267558367636
Argentina,"2023-01-04",9963697.0,45510324,21.893267558367636
Argentina,"2023-01-05",9963697.0,45510324,21.893267558367636
Argentina,"2023-01-06",9963697.0,45510324,21.893267558367636
Argentina,"2023-01-07",9963697.0,45510324,21.893267558367636
Argentina,"2023-01-08",9963697.0,45510324,21.893267558367636
Argentina,"2023-01-09",10004679,45510324,21.983317455617325
Argentina,"2023-01-10",10004679,45510324,21.983317455617325
Argentina,"2023-01-11",10004679,45510324,21.983317455617325
Argentina,"2023-01-12",10004679,45510324,21.983317455617325
Argentina,"2023-01-13",10004679,45510324,21.983317455617325
Argentina,"2023-01-14",10004679,45510324,21.983317455617325
Argentina,"2023-01-15",10004679,45510324,21.983317455617325
Argentina,"2023-01-16",10024095,45510324,22.02598030284293
Argentina,"2023-01-17",10024095,45510324,22.02598030284293
Argentina,"2023-01-18",10024095,45510324,22.02598030284293
Argentina,"2023-01-19",10024095,45510324,22.02598030284293
Argentina,"2023-01-20",10024095,45510324,22.02598030284293
Argentina,"2023-01-21",10024095,45510324,22.02598030284293
Argentina,"2023-01-22",10024095,45510324,22.02598030284293
Argentina,"2023-01-23",10032709,45510324,22.044907876287585
Argentina,"2023-01-24",10032709,45510324,22.044907876287585
Argentina,"2023-01-25",10032709,45510324,22.044907876287585
Argentina,"2023-01-26",10032709,45510324,22.044907876287585
Argentina,"2023-01-27",10032709,45510324,22.044907876287585
Argentina,"2023-01-28",10032709,45510324,22.044907876287585
Argentina,"2023-01-29",10032709,45510324,22.044907876287585
Argentina,"2023-01-30",10037135,45510324,22.05463314214155
Argentina,"2023-01-31",10037135,45510324,22.05463314214155
Argentina,"2023-02-01",10037135,45510324,22.05463314214155
Argentina,"2023-02-02",10037135,45510324,22.05463314214155
Argentina,"2023-02-03",10037135,45510324,22.05463314214155
Argentina,"2023-02-04",10037135,45510324,22.05463314214155
Argentina,"2023-02-05",10037135,45510324,22.05463314214155
Argentina,"2023-02-06",10040329,45510324,22.06165132992681
Argentina,"2023-02-07",10040329,45510324,22.06165132992681
Argentina,"2023-02-08",10040329,45510324,22.06165132992681
Argentina,"2023-02-09",10040329,45510324,22.06165132992681
Argentina,"2023-02-10",10040329,45510324,22.06165132992681
Argentina,"2023-02-11",10040329,45510324,22.06165132992681
Argentina,"2023-02-12",10040329,45510324,22.06165132992681
Argentina,"2023-02-13",10042136,45510324,22.06562185758115
Argentina,"2023-02-14",10042136,45510324,22.06562185758115
Argentina,"2023-02-15",10042136,45510324,22.06562185758115
Argentina,"2023-02-16",10042136,45510324,22.06562185758115
Argentina,"2023-02-17",10042136,45510324,22.06562185758115
Argentina,"2023-02-18",10042136,45510324,22.06562185758115
Argentina,"2023-02-19",10042136,45510324,22.06562185758115
